time,num,Longitude,Latitude,Altitude,Pitch,Yaw,Roll,VelocityX,VelocityY,VelocityZ,BatteryVolts,GPSFix,NumberOfSatellites,Interval(sec),Latency(sec),Bandwidth(MBits/sec)
2026-01-28 16:56:08.412932,7.0000000000,-78.6962747000,35.7273024000,-0.0170000000,0.0013457168,-0.0184600819,0.0016009131,-0.0100000000,0.0100000000,0.0000000000,12.5870000000,6.0000000000,10.0000000000,0.7018380907,0.1814689619,2.6081688093
2026-01-28 16:56:09.419019,8.0000000000,-78.6962747000,35.7273023000,-0.0170000000,0.0012022407,-0.0177753288,0.0014400205,-0.0100000000,0.0100000000,0.0000000000,12.5870000000,6.0000000000,10.0000000000,1.6884896127,0.1796377411,2.5236258797
2026-01-28 16:56:10.744129,9.0000000000,-78.6962747000,35.7273023000,-0.0170000000,0.0009921055,-0.0170185249,0.0012399983,-0.0100000000,0.0100000000,0.0000000000,12.5870000000,6.0000000000,10.0000000000,2.9880014128,0.1772258530,2.4122749800
2026-01-28 16:56:11.749620,10.0000000000,-78.6962747000,35.7273023000,-0.0170000000,0.0009133680,-0.0164315272,0.0011469799,-0.0100000000,0.0100000000,0.0000000000,12.5870000000,6.0000000000,10.0000000000,3.9740684795,0.1753957169,2.3277821304
2026-01-28 16:56:12.755295,11.0000000000,-78.6962747000,35.7273023000,-0.0170000000,0.0008705896,-0.0158802755,0.0010938784,-0.0100000000,0.0100000000,0.0000000000,12.5870000000,6.0000000000,10.0000000000,4.9603160545,0.1735652458,2.2432738136
2026-01-28 16:56:13.760924,12.0000000000,-78.6962747000,35.7273023000,-0.0170000000,0.0008556836,-0.0153478542,0.0010919855,-0.0100000000,0.0100000000,0.0000000000,12.5870000000,6.0000000000,10.0000000000,5.9465184397,0.1717348586,2.1587693690
2026-01-28 16:56:14.767077,13.0000000000,-78.6962747000,35.7273023000,-0.0170000000,0.0008746274,-0.0148357563,0.0010982284,-0.0100000000,0.0100000000,0.0000000000,12.5870000000,6.0000000000,10.0000000000,6.9332349848,0.1699035171,2.0742208678
2026-01-28 16:56:15.768478,14.0000000000,-78.6962747000,35.7273023000,-0.0170000000,0.0008861626,-0.0143341431,0.0011121826,-0.0100000000,0.0100000000,0.0000000000,12.5870000000,6.0000000000,10.0000000000,7.9152909516,0.1680808257,1.9900717162
2026-01-28 16:56:16.769574,15.0000000000,-78.6962747000,35.7273023000,-0.0170000000,0.0008896208,-0.0138698984,0.0011195688,-0.0100000000,0.0100000000,0.0000000000,12.5870000000,6.0000000000,10.0000000000,8.8970479122,0.1662586891,1.9059481854
2026-01-28 16:56:17.775249,16.0000000000,-78.6962747000,35.7273023000,-0.0170000000,0.0009059469,-0.0133796707,0.0011235808,-0.0100000000,0.0100000000,0.0000000000,12.5870000000,6.0000000000,10.0000000000,9.8832954873,0.1644282180,1.8214398686
2026-01-28 16:56:18.782499,17.0000000000,-78.6962747000,35.7273023000,-0.0170000000,0.0009018234,-0.0129042771,0.0011436068,-0.0100000000,0.0100000000,0.0000000000,12.5870000000,6.0000000000,10.0000000000,10.8710878015,0.1625948799,1.7367991883
2026-01-28 16:56:19.783454,18.0000000000,-78.6962747000,35.7273023000,-0.0170000000,0.0009056029,-0.0124244103,0.0011658791,-0.0100000000,0.0100000000,0.0000000000,12.5870000000,6.0000000000,10.0000000000,11.8527064310,0.1607730002,1.6526875106
2026-01-28 16:56:20.788750,19.0000000000,-78.6962747000,35.7273023000,-0.0170000000,0.0009284793,-0.0119658932,0.0011666960,-0.0100000000,0.0100000000,0.0000000000,12.5870000000,6.0000000000,10.0000000000,12.8385824452,0.1589432187,1.5682110317
2026-01-28 16:56:22.747443,20.0000000000,-78.6962747000,35.7273023000,-0.0170000000,0.0009389677,-0.0110916039,0.0011724407,-0.0100000000,0.0100000000,0.0000000000,12.5870000000,6.0000000000,10.0000000000,14.7594376638,0.1553781200,1.4036192544
2026-01-28 16:56:23.748223,21.0000000000,-78.6962747000,35.7273023000,-0.0170000000,0.0009463106,-0.0106612798,0.0011826020,-0.0100000000,0.0100000000,0.0000000000,12.5870000000,6.0000000000,10.0000000000,15.7408848231,0.1535565585,1.3195222695
2026-01-28 16:56:24.750086,22.0000000000,-78.6962747000,35.7273023000,-0.0170000000,0.0009611753,-0.0102311997,0.0011954826,-0.0100000000,0.0100000000,0.0000000000,12.5870000000,6.0000000000,10.0000000000,16.7233939434,0.1517330259,1.2353342887
2026-01-28 16:56:25.752033,23.0000000000,-78.6962747000,35.7273023000,-0.0170000000,0.0009526783,-0.0098177111,0.0011960994,-0.0100000000,0.0100000000,0.0000000000,12.5870000000,6.0000000000,10.0000000000,17.7059856608,0.1499093401,1.1511392303
2026-01-28 16:56:26.757582,24.0000000000,-78.6962747000,35.7273023000,-0.0170000000,0.0009636009,-0.0094172386,0.0011940541,-0.0100000000,0.0100000000,0.0000000000,12.5870000000,6.0000000000,10.0000000000,18.6921097169,0.1480790983,1.0666414975
2026-01-28 16:56:27.758663,25.0000000000,-78.6962747000,35.7273023000,-0.0170000000,0.0009699835,-0.0090164440,0.0011972028,-0.0100000000,0.0100000000,0.0000000000,12.5870000000,6.0000000000,10.0000000000,19.6738518653,0.1462569892,0.9825192360
2026-01-28 16:56:28.760479,26.0000000000,-78.6962747000,35.7273023000,0.0020000000,0.0009669671,-0.0086165546,0.0012065246,-0.0100000000,0.0100000000,0.0000000000,12.5870000000,6.0000000000,10.0000000000,20.6563150427,0.1444335420,0.8983351918
2026-01-28 16:56:29.767118,27.0000000000,-78.6962747000,35.7273023000,0.0020000000,0.0011002339,-0.0082220910,0.0013540857,0.0000000000,0.0000000000,0.0000000000,12.5870000000,6.0000000000,10.0000000000,21.6435080895,0.1426013161,0.8137458607
2026-01-28 16:56:30.772997,28.0000000000,-78.6962747000,35.7273023000,0.0020000000,0.0013667007,-0.0078058606,0.0016155641,0.0000000000,0.0000000000,0.0000000000,12.5870000000,6.0000000000,10.0000000000,22.6299557551,0.1407704736,0.7292203988
2026-01-28 16:56:31.774765,29.0000000000,-78.6962747000,35.7273023000,0.0020000000,0.0016529342,-0.0073684966,0.0019097984,0.0000000000,0.0000000000,0.0000000000,12.5870000000,6.0000000000,10.0000000000,23.6123717342,0.1389471140,0.6450403989
2026-01-28 16:56:32.780803,30.0000000000,-78.6962747000,35.7273023000,0.0020000000,0.0019537283,-0.0068930564,0.0022205780,0.0000000000,0.0000000000,0.0000000000,12.5870000000,6.0000000000,10.0000000000,24.5989753047,0.1371159822,0.5605015781
2026-01-28 16:56:33.786545,31.0000000000,-78.6962747000,35.7273023000,0.0870000000,0.0022672098,-0.0063930787,0.0025287019,0.0000000000,0.0000000000,-0.3000000000,12.5870000000,6.0000000000,10.0000000000,25.5852884050,0.1352853895,0.4759876467
2026-01-28 16:56:34.789558,32.0000000000,-78.6962748000,35.7273024000,1.1640000000,0.0013918267,-0.0068369755,0.0016549174,0.0000000000,0.0000000000,-1.4500000000,12.5870000000,6.0000000000,10.0000000000,26.5689255139,0.1334597634,0.3917030122
2026-01-28 16:56:35.790530,33.0000000000,-78.6962749000,35.7273025000,3.1760000000,0.0031990241,0.0029724645,0.0035937664,0.0000000000,0.0000000000,-2.4200000000,12.5870000000,6.0000000000,10.0000000000,27.5505609641,0.1316378524,0.3075898933
2026-01-28 16:56:37.743644,34.0000000000,-78.6962750000,35.7273025000,7.9920000000,0.0034693943,0.0029242625,0.0042468524,-0.0100000000,0.0200000000,-2.4100000000,12.5870000000,6.0000000000,10.0000000000,29.4659449489,0.1280829083,0.1434669280
2026-01-28 16:56:38.748851,35.0000000000,-78.6962750000,35.7273025000,10.4740000000,0.0032914984,0.0031761031,0.0035851269,-0.0100000000,0.0200000000,-2.4200000000,12.5870000000,6.0000000000,10.0000000000,30.4517335960,0.1262532890,0.0589979353
2026-01-28 16:56:39.754647,36.0000000000,-78.6962750000,35.7273025000,13.2100000000,0.0033090918,0.0026683847,0.0027814899,-0.0100000000,0.0100000000,-2.4400000000,12.5870000000,6.0000000000,10.0000000000,0.1637999321,0.2269004485,2.9376934471
2026-01-28 16:56:40.761256,37.0000000000,-78.6962749000,35.7273025000,15.7070000000,0.0025673269,0.0027968388,0.0025673790,-0.0100000000,0.0100000000,-2.4500000000,12.5870000000,6.0000000000,10.0000000000,0.4933550760,0.8135656090,3.4878423804
2026-01-28 16:56:41.766555,38.0000000000,-78.6962749000,35.7273025000,18.2070000000,0.0038827783,0.0038989054,0.0025850993,-0.0100000000,0.0000000000,-2.4500000000,12.5870000000,6.0000000000,10.0000000000,1.4470527242,0.8622616402,1.4137779444
2026-01-28 16:56:42.772118,39.0000000000,-78.6962749000,35.7273025000,20.6380000000,0.0032985574,0.0024104451,0.0033973053,-0.0100000000,0.0000000000,-2.1800000000,12.5870000000,6.0000000000,10.0000000000,1.9234529082,0.9177400619,0.0589131027
2026-01-28 16:56:43.778629,40.0000000000,-78.6962749000,35.7273025000,22.5790000000,0.0033282898,0.0036331613,0.0049769855,-0.0100000000,0.0100000000,-1.6100000000,12.5870000000,6.0000000000,10.0000000000,1.5090071391,0.9859055432,0.0461013739
2026-01-28 16:56:44.784365,41.0000000000,-78.6962750000,35.7273025000,23.9490000000,0.0032603650,0.0027778056,0.0045342236,-0.0100000000,0.0100000000,-1.1000000000,12.5870000000,6.0000000000,10.0000000000,1.2098857480,0.9129653970,0.0999646089
2026-01-28 16:56:45.786196,42.0000000000,-78.6962750000,35.7273025000,24.7840000000,0.0037845166,0.0029343211,0.0042008446,-0.0100000000,0.0200000000,-0.5500000000,12.5870000000,6.0000000000,10.0000000000,1.8710612353,0.8890159094,0.1120261172
2026-01-28 16:56:47.090672,43.0000000000,-78.6962750000,35.7273025000,24.9930000000,0.0039470117,0.0032622889,0.0038140377,-0.0200000000,0.0200000000,0.0500000000,12.5870000000,6.0000000000,10.0000000000,3.1251022997,0.8850491407,0.1071452337
2026-01-28 16:56:48.096800,44.0000000000,-78.6962750000,35.7273025000,24.9510000000,0.0039158901,0.0029802474,0.0039325459,-0.0200000000,0.0200000000,-0.0300000000,12.5870000000,6.0000000000,10.0000000000,4.0923301467,0.8819896164,0.1033806628
2026-01-28 16:56:49.098709,45.0000000000,-78.6962750000,35.7273026000,24.9530000000,0.0045478595,0.0032456042,0.0035557775,-0.0200000000,0.0200000000,-0.0400000000,12.5870000000,6.0000000000,10.0000000000,5.0555022286,0.8789429212,0.0996318775
2026-01-28 16:56:50.105049,46.0000000000,-78.6962752000,35.7273026000,24.9570000000,-0.0209781174,0.0041783694,-0.0602473393,0.0300000000,-0.1400000000,-0.0200000000,12.5870000000,6.0000000000,10.0000000000,6.0229340943,0.8758827516,0.0958665126
2026-01-28 16:56:51.107064,47.0000000000,-78.6962888000,35.7273069000,24.9500000000,-0.1103500947,0.0216700677,-0.2961122394,0.9400000000,-2.4100000000,-0.0200000000,12.5870000000,6.0000000000,10.0000000000,6.9862080626,0.8728357341,0.0921173307
2026-01-28 16:56:52.110459,48.0000000000,-78.6963268000,35.7273192000,24.9550000000,-0.0889436975,0.0100744888,-0.2501689196,1.6700000000,-4.1800000000,-0.0300000000,12.5870000000,6.0000000000,10.0000000000,7.9508085219,0.8697845207,0.0883629860
2026-01-28 16:56:53.115924,49.0000000000,-78.6963757000,35.7273350000,24.9570000000,-0.0619459040,0.0090192929,-0.2044273317,1.8000000000,-4.5200000000,-0.0200000000,12.5870000000,6.0000000000,10.0000000000,8.9173992101,0.8667270119,0.0846008950
2026-01-28 16:56:54.123343,50.0000000000,-78.6964273000,35.7273517000,24.9620000000,-0.0591648258,0.0058519621,-0.2026131749,1.8500000000,-4.6800000000,-0.0200000000,12.5870000000,6.0000000000,10.0000000000,9.8858683968,0.8636635610,0.0808314927
2026-01-28 16:56:55.124287,51.0000000000,-78.6964802000,35.7273688000,24.9720000000,-0.0544051714,0.0057653352,-0.1927465647,1.8400000000,-4.7100000000,-0.0100000000,12.5870000000,6.0000000000,10.0000000000,10.8481126733,0.8606198006,0.0770863186
2026-01-28 16:56:56.236319,52.0000000000,-78.6965380000,35.7273872000,24.9820000000,-0.0539728291,0.0053836256,-0.1882510334,1.8200000000,-4.6900000000,-0.0100000000,12.5870000000,6.0000000000,10.0000000000,11.9171500660,0.8572382335,0.0729254923
2026-01-28 16:56:57.238656,53.0000000000,-78.6965902000,35.7274039000,24.9910000000,-0.0548154674,0.0055002677,-0.1881594360,1.8200000000,-4.6600000000,0.0000000000,12.5870000000,6.0000000000,10.0000000000,12.8807336309,0.8541902367,0.0691751055
2026-01-28 16:56:58.242175,54.0000000000,-78.6966415000,35.7274203000,24.9980000000,-0.0198833272,0.0008180924,-0.0987836048,1.7400000000,-4.4500000000,0.0000000000,12.5870000000,6.0000000000,10.0000000000,13.8454534499,0.8511386458,0.0654202962
2026-01-28 16:56:59.246336,55.0000000000,-78.6966856000,35.7274344000,24.9990000000,0.0164815374,-0.0012934553,0.0072289864,1.3000000000,-3.3800000000,0.0000000000,12.5870000000,6.0000000000,10.0000000000,14.8107904933,0.8480851024,0.0616630845
2026-01-28 16:57:00.725464,56.0000000000,-78.6967242000,35.7274465000,25.0050000000,0.0538763590,0.0015302635,0.1325247288,0.4000000000,-1.0900000000,0.0000000000,12.5870000000,6.0000000000,10.0000000000,16.2327308773,0.8435872365,0.0561287160
2026-01-28 16:57:01.727912,57.0000000000,-78.6967296000,35.7274481000,25.0060000000,0.0210120995,-0.0015785212,0.0565462597,0.0000000000,-0.0200000000,0.0000000000,12.5870000000,6.0000000000,10.0000000000,17.1964210044,0.8405389027,0.0523779144
2026-01-28 16:57:02.730519,58.0000000000,-78.6967281000,35.7274478000,25.0030000000,0.0024084137,-0.0021825752,0.0054140468,-0.0700000000,0.2000000000,0.0000000000,12.5870000000,6.0000000000,10.0000000000,18.1602642072,0.8374900846,0.0486265170
2026-01-28 16:57:03.732783,59.0000000000,-78.6967288000,35.7274477000,25.0000000000,-0.0668672323,0.0080113625,-0.2947195172,0.2100000000,-1.0100000000,0.0000000000,12.5870000000,6.0000000000,10.0000000000,19.1237776329,0.8344423097,0.0448764032
2026-01-28 16:57:04.739081,60.0000000000,-78.6967531000,35.7274522000,25.0040000000,-0.0757221207,0.0113079688,-0.3574408293,0.8000000000,-3.4600000000,0.0000000000,12.5870000000,6.0000000000,10.0000000000,20.0911688917,0.8313822685,0.0411111963
2026-01-28 16:57:05.741612,61.0000000000,-78.6967993000,35.7274611000,25.0080000000,-0.0374395698,-0.0009046774,-0.2245033383,1.0600000000,-4.5600000000,0.0000000000,12.5870000000,6.0000000000,10.0000000000,21.0549390021,0.8283336817,0.0373600834
2026-01-28 16:57:07.746823,62.0000000000,-78.6969066000,35.7274813000,24.9980000000,-0.0324155241,-0.0017741228,-0.2120501548,1.1100000000,-4.9200000000,0.0000000000,12.5870000000,6.0000000000,10.0000000000,22.9826222083,0.8222360557,0.0298573011
2026-01-28 16:57:08.752660,63.0000000000,-78.6969618000,35.7274916000,25.0000000000,-0.0309233759,-0.0020671564,-0.2045965344,1.1200000000,-4.9400000000,0.0000000000,12.5870000000,6.0000000000,10.0000000000,23.9495704831,0.8191774157,0.0260938183
2026-01-28 16:57:09.758558,64.0000000000,-78.6970224000,35.7275029000,25.0010000000,-0.0304654054,-0.0023264301,-0.2005811781,1.1000000000,-4.8800000000,0.0000000000,12.5870000000,6.0000000000,10.0000000000,24.9165773302,0.8161185905,0.0223301076
2026-01-28 16:57:10.760371,65.0000000000,-78.6970766000,35.7275131000,25.0040000000,-0.0312991031,-0.0026091505,-0.2019957155,1.1000000000,-4.8700000000,0.0000000000,12.5870000000,6.0000000000,10.0000000000,25.8796571238,0.8130721872,0.0185816815
2026-01-28 16:57:11.765868,66.0000000000,-78.6971308000,35.7275232000,25.0050000000,-0.0312770791,-0.0019990539,-0.2009419501,1.1000000000,-4.8500000000,0.0000000000,12.5870000000,6.0000000000,10.0000000000,26.8462785748,0.8100145811,0.0148194708
2026-01-28 16:57:12.772040,67.0000000000,-78.6971847000,35.7275334000,25.0050000000,-0.0315088294,-0.0022983234,-0.2018071860,1.1100000000,-4.8500000000,0.0000000000,12.5870000000,6.0000000000,10.0000000000,27.8135487513,0.8069549229,0.0110547352
2026-01-28 16:57:13.777571,68.0000000000,-78.6972386000,35.7275435000,25.0040000000,-0.0319701098,-0.0022999174,-0.2027229071,1.1000000000,-4.8400000000,0.0000000000,12.5870000000,6.0000000000,10.0000000000,28.7802029339,0.8038972132,0.0072923971
2026-01-28 16:57:14.784125,69.0000000000,-78.6972922000,35.7275536000,25.0050000000,-0.0325020142,-0.0016081814,-0.2070197165,1.1100000000,-4.8700000000,0.0000000000,12.5870000000,6.0000000000,10.0000000000,0.1689467877,1.1499527023,1.8829667437
2026-01-28 16:57:16.655624,70.0000000000,-78.6973896000,35.7275719000,25.0050000000,-0.0313574374,-0.0017503259,-0.2027216256,1.1100000000,-4.8600000000,0.0000000000,12.5870000000,6.0000000000,10.0000000000,1.1891456458,1.9100063397,1.6542107768
2026-01-28 16:57:17.743097,71.0000000000,-78.6974491000,35.7275832000,25.0050000000,-0.0311039947,-0.0019969910,-0.2005382627,1.1100000000,-4.8500000000,0.0000000000,12.5870000000,6.0000000000,10.0000000000,2.2367916788,1.9226207466,1.0376440255
2026-01-28 16:57:18.748579,72.0000000000,-78.6975028000,35.7275933000,25.0050000000,-0.0316509418,-0.0019599544,-0.2036050558,1.1100000000,-4.8500000000,0.0000000000,12.5870000000,6.0000000000,10.0000000000,3.2054493508,1.9342840772,0.4675639649
2026-01-28 16:57:19.755032,73.0000000000,-78.6975569000,35.7276035000,25.0040000000,-0.0312478952,-0.0022951278,-0.2003986984,1.1000000000,-4.8400000000,0.0000000000,12.5870000000,6.0000000000,10.0000000000,4.1511760872,1.9357598324,0.0329813592
2026-01-28 16:57:20.760776,74.0000000000,-78.6976104000,35.7276135000,25.0040000000,-0.0325435884,-0.0013446981,-0.2057832330,1.1100000000,-4.8500000000,0.0000000000,12.5870000000,6.0000000000,10.0000000000,5.0202413711,1.9047594971,0.0319077310
2026-01-28 16:57:21.766645,75.0000000000,-78.6976644000,35.7276237000,25.0040000000,-0.0173325371,-0.0048367921,-0.1416753232,1.0900000000,-4.7900000000,0.0000000000,12.5870000000,6.0000000000,10.0000000000,5.8894148268,1.8737553031,0.0308339692
2026-01-28 16:57:22.773129,76.0000000000,-78.6977128000,35.7276328000,24.9990000000,0.0095643708,-0.0067486768,-0.0140303262,0.8500000000,-3.7900000000,0.0000000000,12.5870000000,6.0000000000,10.0000000000,6.7591196292,1.8427321556,0.0297595509
2026-01-28 16:57:23.778529,77.0000000000,-78.6977504000,35.7276397000,24.9990000000,0.0280159879,-0.0058606318,0.0947984084,0.4700000000,-2.1900000000,0.0000000000,12.5870000000,6.0000000000,10.0000000000,7.6278878280,1.8117424175,0.0286862897
2026-01-28 16:57:24.780802,78.0000000000,-78.6977654000,35.7276424000,25.0030000000,0.0296598002,-0.0059612952,0.1216491088,0.1000000000,-0.5300000000,0.0000000000,12.5870000000,6.0000000000,10.0000000000,8.4939539452,1.7808490651,0.0276163667
2026-01-28 16:57:25.786022,79.0000000000,-78.6977667000,35.7276427000,25.0020000000,0.0086858552,-0.0072367322,0.0356831737,-0.0400000000,0.1600000000,0.0000000000,12.5870000000,6.0000000000,10.0000000000,9.3625664121,1.7498648822,0.0265432979
2026-01-28 16:57:26.798081,80.0000000000,-78.6977643000,35.7276424000,24.9990000000,-0.0191396363,-0.0063569779,-0.0871733949,-0.0100000000,0.0600000000,0.0000000000,12.5870000000,6.0000000000,10.0000000000,10.2370887282,1.7186698896,0.0254629281
2026-01-28 16:57:28.659207,81.0000000000,-78.6978043000,35.7276500000,25.0020000000,-0.0705944821,0.0035714265,-0.3295063376,0.9600000000,-4.1000000000,-0.0100000000,12.5870000000,6.0000000000,10.0000000000,11.8452913167,1.6613038660,0.0234761825
2026-01-28 16:57:29.744202,82.0000000000,-78.6978590000,35.7276605000,25.0000000000,-0.0353287682,-0.0064141839,-0.2160774469,1.1000000000,-4.7100000000,0.0000000000,12.5870000000,6.0000000000,10.0000000000,12.7828377205,1.6278607479,0.0223179539
2026-01-28 16:57:30.750837,83.0000000000,-78.6979128000,35.7276707000,24.9950000000,-0.0338449888,-0.0059327283,-0.2159789205,1.1100000000,-4.8700000000,0.0000000000,12.5870000000,6.0000000000,10.0000000000,13.6526730369,1.5968329448,0.0212433745
2026-01-28 16:57:31.756602,84.0000000000,-78.6979678000,35.7276810000,24.9960000000,-0.0329883881,-0.0072199707,-0.2074270397,1.1200000000,-4.9400000000,0.0000000000,12.5870000000,6.0000000000,10.0000000000,14.5217566813,1.5658319545,0.0201697236
2026-01-28 16:57:32.761127,85.0000000000,-78.6980231000,35.7276914000,24.9970000000,-0.0319515578,-0.0070882794,-0.2010720074,1.1100000000,-4.9100000000,0.0000000000,12.5870000000,6.0000000000,10.0000000000,15.3897685627,1.5348691950,0.0190973967
2026-01-28 16:57:33.767389,86.0000000000,-78.6980778000,35.7277016000,24.9980000000,-0.0315790698,-0.0073393071,-0.1989544779,1.1000000000,-4.8800000000,0.0000000000,12.5870000000,6.0000000000,10.0000000000,16.2592815759,1.5038528887,0.0180232154
2026-01-28 16:57:34.773301,87.0000000000,-78.6981320000,35.7277118000,25.0000000000,-0.0328911841,-0.0067907618,-0.2032014132,1.1000000000,-4.8500000000,0.0000000000,12.5870000000,6.0000000000,10.0000000000,17.1284921949,1.4728473691,0.0169494077
2026-01-28 16:57:35.778503,88.0000000000,-78.6981857000,35.7277219000,25.0010000000,-0.0328370519,-0.0068088239,-0.2042174488,1.1100000000,-4.8700000000,0.0000000000,12.5870000000,6.0000000000,10.0000000000,17.9970891770,1.4418637385,0.0158763580
2026-01-28 16:57:36.784352,89.0000000000,-78.6982453000,35.7277331000,25.0020000000,-0.0329084136,-0.0066331034,-0.2020196915,1.1000000000,-4.8600000000,0.0000000000,12.5870000000,6.0000000000,10.0000000000,18.8662453783,1.4108601600,0.0148026175
2026-01-28 16:57:37.790056,90.0000000000,-78.6982992000,35.7277432000,25.0010000000,-0.0335235707,-0.0070406930,-0.2021466345,1.1100000000,-4.8600000000,0.0000000000,12.5870000000,6.0000000000,10.0000000000,19.7352761535,1.3798610556,0.0137290319
2026-01-28 16:57:38.814164,91.0000000000,-78.6983532000,35.7277534000,25.0010000000,-0.0327785201,-0.0071925903,-0.2008870393,1.1000000000,-4.8500000000,0.0000000000,12.5870000000,6.0000000000,10.0000000000,20.6202099447,1.3482946764,0.0126358001
2026-01-28 16:57:39.819893,92.0000000000,-78.6984071000,35.7277635000,25.0010000000,-0.0327808447,-0.0072069429,-0.2028980851,1.1000000000,-4.8500000000,0.0000000000,12.5870000000,6.0000000000,10.0000000000,21.4892623985,1.3172947987,0.0115621877
2026-01-28 16:57:41.215988,93.0000000000,-78.6984825000,35.7277777000,25.0010000000,-0.0333972238,-0.0064450498,-0.2047503591,1.1100000000,-4.8500000000,0.0000000000,12.5870000000,6.0000000000,10.0000000000,22.6956308492,1.2742625580,0.0100718610
2026-01-28 16:57:42.747362,94.0000000000,-78.6985634000,35.7277930000,25.0040000000,-0.0324065387,-0.0070515838,-0.2015114874,1.1100000000,-4.8600000000,0.0000000000,12.5870000000,6.0000000000,10.0000000000,24.0188942433,1.2270605701,0.0084371243
2026-01-28 16:57:43.754360,95.0000000000,-78.6986173000,35.7278031000,25.0040000000,-0.0331691168,-0.0068578436,-0.2028736472,1.1100000000,-4.8600000000,0.0000000000,12.5870000000,6.0000000000,10.0000000000,24.8890432356,1.1960215779,0.0073621574
2026-01-28 16:57:44.759693,96.0000000000,-78.6986715000,35.7278133000,25.0010000000,-0.0319512524,-0.0073479582,-0.1987468451,1.1000000000,-4.8400000000,0.0000000000,12.5870000000,6.0000000000,10.0000000000,25.7577534773,1.1650339072,0.0062889678
2026-01-28 16:57:45.761901,97.0000000000,-78.6987238000,35.7278231000,25.0010000000,-0.0041539255,-0.0107622873,-0.0775217265,1.0000000000,-4.4200000000,0.0000000000,12.5870000000,6.0000000000,10.0000000000,26.6237634072,1.1341425591,0.0052191141
2026-01-28 16:57:46.763871,98.0000000000,-78.6987669000,35.7278312000,24.9980000000,0.0168445017,-0.0118660154,0.0310387108,0.7100000000,-3.2100000000,0.0000000000,12.5870000000,6.0000000000,10.0000000000,27.4895676117,1.1032585493,0.0041495146
2026-01-28 16:57:47.842575,99.0000000000,-78.6987961000,35.7278366000,25.0000000000,0.0381462723,-0.0097299004,0.1428940743,0.2900000000,-1.4000000000,0.0000000000,12.5870000000,6.0000000000,10.0000000000,28.4216779983,1.0700093388,0.0029980016
2026-01-28 16:57:48.846943,100.0000000000,-78.6988037000,35.7278379000,25.0020000000,0.0202425197,-0.0118745463,0.0799096078,0.0000000000,-0.0900000000,0.0000000000,12.5870000000,6.0000000000,10.0000000000,0.2081070676,0.4614985019,0.3229753587
2026-01-28 16:57:49.854986,101.0000000000,-78.6988025000,35.7278378000,25.0000000000,0.0040247450,-0.0121148201,0.0134886298,-0.0600000000,0.2200000000,0.0000000000,12.5870000000,6.0000000000,10.0000000000,0.2461738580,1.3898111678,0.5753595745
2026-01-28 16:57:50.856908,102.0000000000,-78.6988024000,35.7278378000,24.9970000000,-0.0687162951,-0.0025820294,-0.2847232819,0.1900000000,-0.8600000000,0.0000000000,12.5870000000,6.0000000000,10.0000000000,0.1691412838,2.4028291281,1.0480610588
2026-01-28 16:57:52.742773,103.0000000000,-78.6988655000,35.7278501000,25.0040000000,-0.0446412154,-0.0094067240,-0.2270821929,1.0900000000,-4.5100000000,0.0000000000,12.5870000000,6.0000000000,10.0000000000,1.9240819745,2.4751896538,1.1634634021
2026-01-28 16:57:53.744229,104.0000000000,-78.6989177000,35.7278603000,24.9950000000,-0.0368801616,-0.0108941542,-0.2146836817,1.1400000000,-4.7700000000,0.0000000000,12.5870000000,6.0000000000,10.0000000000,2.9236996026,2.4602436546,1.1432807448
2026-01-28 16:57:54.749830,105.0000000000,-78.6989723000,35.7278708000,24.9920000000,-0.0339033864,-0.0116875684,-0.2070210725,1.1500000000,-4.8900000000,0.0000000000,12.5870000000,6.0000000000,10.0000000000,3.9274542618,2.4452357997,1.1230145594
2026-01-28 16:57:55.751437,106.0000000000,-78.6990271000,35.7278813000,24.9940000000,-0.0343258679,-0.0115481652,-0.2067971230,1.1400000000,-4.9100000000,0.0000000000,12.5870000000,6.0000000000,10.0000000000,4.9272226525,2.4302875463,1.1028288582
2026-01-28 16:57:56.757047,107.0000000000,-78.6990818000,35.7278918000,24.9970000000,-0.0336133428,-0.0113097727,-0.2021008432,1.1300000000,-4.9100000000,0.0000000000,12.5870000000,6.0000000000,10.0000000000,5.9309865108,2.4152795539,1.0825624870
2026-01-28 16:57:57.762565,108.0000000000,-78.6991365000,35.7279022000,24.9980000000,-0.0336664692,-0.0115745338,-0.1995870620,1.1200000000,-4.8700000000,0.0000000000,12.5870000000,6.0000000000,10.0000000000,6.9346586338,2.4002729330,1.0622979680
2026-01-28 16:57:58.768431,109.0000000000,-78.6991907000,35.7279126000,24.9990000000,-0.0338866003,-0.0118899029,-0.1990808547,1.1200000000,-4.8500000000,0.0000000000,12.5870000000,6.0000000000,10.0000000000,7.9386780221,2.3852611200,1.0420264375
2026-01-28 16:57:59.771004,110.0000000000,-78.6992447000,35.7279230000,25.0000000000,-0.0343286581,-0.0115261609,-0.2004109323,1.1200000000,-4.8300000000,0.0000000000,12.5870000000,6.0000000000,10.0000000000,8.9394102722,2.3702984553,1.0218212756
2026-01-28 16:58:00.772347,111.0000000000,-78.6992984000,35.7279333000,25.0010000000,-0.0344793908,-0.0117668575,-0.2015753388,1.1300000000,-4.8500000000,0.0000000000,12.5870000000,6.0000000000,10.0000000000,9.9389149559,2.3553541448,1.0016408988
2026-01-28 16:58:01.773504,112.0000000000,-78.6993521000,35.7279436000,25.0010000000,-0.0351384729,-0.0116137741,-0.2034043223,1.1200000000,-4.8400000000,0.0000000000,12.5870000000,6.0000000000,10.0000000000,10.9382341249,2.3404126081,0.9814642675
2026-01-28 16:58:02.780674,113.0000000000,-78.6994058000,35.7279539000,25.0010000000,-0.0352674536,-0.0111275716,-0.2041223645,1.1300000000,-4.8700000000,0.0000000000,12.5870000000,6.0000000000,10.0000000000,11.9435551832,2.3253813328,0.9611664559
2026-01-28 16:58:03.785319,114.0000000000,-78.6994599000,35.7279643000,25.0010000000,-0.0346187018,-0.0117433425,-0.2011117190,1.1300000000,-4.8600000000,0.0000000000,12.5870000000,6.0000000000,10.0000000000,12.9463556933,2.3103877441,0.9409195350
2026-01-28 16:58:05.745861,115.0000000000,-78.6995679000,35.7279850000,25.0010000000,-0.0340699442,-0.0110010626,-0.2002944648,1.1200000000,-4.8300000000,0.0000000000,12.5870000000,6.0000000000,10.0000000000,14.9032986854,2.2811280876,0.9014081173
2026-01-28 16:58:06.750903,116.0000000000,-78.6996213000,35.7279953000,25.0010000000,-0.0357007720,-0.0100805303,-0.2042425424,1.1300000000,-4.8500000000,0.0000000000,12.5870000000,6.0000000000,10.0000000000,15.9064955226,2.2661285731,0.8811531945
2026-01-28 16:58:07.751977,117.0000000000,-78.6996754000,35.7280057000,25.0010000000,-0.0346339494,-0.0126243792,-0.2001525015,1.1300000000,-4.8500000000,0.0000000000,12.5870000000,6.0000000000,10.0000000000,16.9057316443,2.2511882781,0.8609782400
2026-01-28 16:58:08.758568,118.0000000000,-78.6997292000,35.7280160000,25.0010000000,-0.0348074436,-0.0129215699,-0.2016749084,1.1300000000,-4.8500000000,0.0000000000,12.5870000000,6.0000000000,10.0000000000,17.9104746937,2.2361656451,0.8406920986
2026-01-28 16:58:09.764667,119.0000000000,-78.6997834000,35.7280264000,25.0010000000,-0.0337826274,-0.0113741150,-0.1972707808,1.1300000000,-4.8400000000,0.0000000000,12.5870000000,6.0000000000,10.0000000000,18.9147266143,2.2211503553,0.8204158732
2026-01-28 16:58:10.770923,120.0000000000,-78.6998368000,35.7280367000,25.0010000000,-0.0357796475,-0.0092976028,-0.2045330554,1.1200000000,-4.8400000000,0.0000000000,12.5870000000,6.0000000000,10.0000000000,19.9191354304,2.2061327196,0.8001364801
2026-01-28 16:58:11.772349,121.0000000000,-78.6998908000,35.7280470000,25.0010000000,-0.0348207392,-0.0120733930,-0.1999990493,1.1300000000,-4.8500000000,0.0000000000,12.5870000000,6.0000000000,10.0000000000,20.9187229059,2.1911871712,0.7799544316
2026-01-28 16:58:12.773691,122.0000000000,-78.6999430000,35.7280571000,25.0010000000,-0.0021546911,-0.0160055961,-0.0676971897,1.0100000000,-4.3600000000,0.0000000000,12.5870000000,6.0000000000,10.0000000000,21.9182265675,2.1762428760,0.7597740754
2026-01-28 16:58:13.780326,123.0000000000,-78.6999853000,35.7280651000,24.9980000000,0.0187030770,-0.0161202159,0.0390336141,0.7000000000,-3.1100000000,0.0000000000,12.5870000000,6.0000000000,10.0000000000,22.9230135681,2.1612195859,0.7394870466
2026-01-28 16:58:15.747677,124.0000000000,-78.7000196000,35.7280716000,25.0020000000,0.0198783800,-0.0163079258,0.0729350299,0.0000000000,-0.1200000000,0.0000000000,12.5870000000,6.0000000000,10.0000000000,24.8867528924,2.1318583126,0.6998384083
2026-01-28 16:58:16.753415,125.0000000000,-78.7000185000,35.7280715000,25.0000000000,0.0037119093,-0.0171755645,0.0110094650,-0.0600000000,0.2200000000,0.0000000000,12.5870000000,6.0000000000,10.0000000000,25.8906445157,2.1168484098,0.6795694575
2026-01-28 16:58:17.754622,126.0000000000,-78.7000160000,35.7280711000,24.9980000000,-0.0000171850,-0.0170819089,-0.0060703200,-0.0500000000,0.1700000000,0.0000000000,12.5870000000,6.0000000000,10.0000000000,26.8900135130,2.1019061281,0.6593918202
2026-01-28 16:58:18.760242,127.0000000000,-78.7000189000,35.7280716000,24.9970000000,-0.0745280758,-0.0060207872,-0.2973703742,0.3100000000,-1.3300000000,0.0000000000,12.5870000000,6.0000000000,10.0000000000,27.8937873370,2.0868979866,0.6391252478
2026-01-28 16:58:19.763453,128.0000000000,-78.7000468000,35.7280770000,25.0010000000,-0.0824738890,-0.0031218219,-0.3415417075,0.9100000000,-3.7400000000,0.0000000000,12.5870000000,6.0000000000,10.0000000000,28.8951566234,2.0719257972,0.6189072239
2026-01-28 16:58:20.765841,129.0000000000,-78.7000945000,35.7280864000,25.0000000000,-0.0440073460,-0.0144045353,-0.2188536972,1.1400000000,-4.5900000000,0.0000000000,12.5870000000,6.0000000000,10.0000000000,29.8957043807,2.0569658909,0.5987057870
2026-01-28 16:58:21.768104,130.0000000000,-78.7001473000,35.7280970000,24.9920000000,-0.0390789434,-0.0150297461,-0.2158884555,1.1800000000,-4.8200000000,0.0000000000,12.5870000000,6.0000000000,10.0000000000,30.8961274394,2.0420078492,0.5785068678
2026-01-28 16:58:22.773472,131.0000000000,-78.7002019000,35.7281078000,24.9920000000,-0.0368205123,-0.0156903155,-0.2105709463,1.1800000000,-4.9200000000,0.0000000000,12.5870000000,6.0000000000,10.0000000000,31.8996498218,2.0270034672,0.5582453721
2026-01-28 16:58:23.779718,132.0000000000,-78.7002565000,35.7281185000,24.9940000000,-0.0070893425,-0.0206433199,-0.0962636247,1.1000000000,-4.6600000000,0.0000000000,12.5870000000,6.0000000000,10.0000000000,32.9040484167,2.0119859844,0.5379661853
2026-01-28 16:58:24.785412,133.0000000000,-78.7003026000,35.7281275000,24.9910000000,0.0167274028,-0.0212395508,0.0175912734,0.7900000000,-3.4600000000,0.0000000000,12.5870000000,6.0000000000,10.0000000000,33.9078963444,1.9969767349,0.5176981168
2026-01-28 16:58:25.788683,134.0000000000,-78.7003332000,35.7281333000,24.9950000000,0.0393999666,-0.0200815909,0.1316002011,0.4000000000,-1.8800000000,0.0000000000,12.5870000000,6.0000000000,10.0000000000,34.9093254248,1.9820036514,0.4974788856
2026-01-28 16:58:26.797394,135.0000000000,-78.7003455000,35.7281355000,25.0010000000,0.0261011440,-0.0213738009,0.0958211869,0.0200000000,-0.2400000000,0.0000000000,12.5870000000,6.0000000000,10.0000000000,35.9161845183,1.9669493799,0.4771500204
2026-01-28 16:58:27.801848,136.0000000000,-78.7003451000,35.7281356000,24.9990000000,0.0063815606,-0.0223233849,0.0201945100,-0.0600000000,0.2000000000,0.0000000000,12.5870000000,6.0000000000,10.0000000000,36.9187946585,1.9519586375,0.4569069432
2026-01-28 16:58:28.808023,137.0000000000,-78.7003422000,35.7281357000,24.9960000000,-0.2044783831,-0.0280186068,0.0575098507,0.4600000000,0.3200000000,0.0000000000,12.5870000000,6.0000000000,10.0000000000,37.9231224716,1.9369422130,0.4366291856
2026-01-28 16:58:29.815275,138.0000000000,-78.7003350000,35.7281509000,24.9970000000,-0.3246102929,-0.0383626148,0.1009868011,2.9400000000,0.9600000000,0.0000000000,12.5870000000,6.0000000000,10.0000000000,38.9285252995,1.9219097151,0.4163297230
2026-01-28 16:58:30.822121,139.0000000000,-78.7003214000,35.7281857000,25.0030000000,-0.2293324471,-0.0301752891,0.0625303686,4.4200000000,1.3800000000,0.0000000000,12.5870000000,6.0000000000,10.0000000000,39.9335228567,1.9068832767,0.3960384429
2026-01-28 16:58:31.829207,140.0000000000,-78.7003059000,35.7282270000,24.9960000000,-0.2155168504,-0.0286885798,0.0541171692,4.7200000000,1.4400000000,0.0000000000,12.5870000000,6.0000000000,10.0000000000,40.9387601012,1.8918532547,0.3757423235
2026-01-28 16:58:32.831899,141.0000000000,-78.7002898000,35.7282707000,24.9930000000,-0.2073771656,-0.0289343987,0.0513796434,4.8600000000,1.4600000000,0.0000000000,12.5870000000,6.0000000000,10.0000000000,41.9396111727,1.8768888134,0.3555347626
2026-01-28 16:58:33.836249,142.0000000000,-78.7002739000,35.7283144000,24.9940000000,-0.1097674221,-0.0248601418,0.0199315194,4.6100000000,1.3700000000,0.0000000000,12.5870000000,6.0000000000,10.0000000000,42.9421175677,1.8618996222,0.3352937800
2026-01-28 16:58:35.747128,143.0000000000,-78.7002524000,35.7283742000,24.9930000000,0.1196696833,-0.0276058894,-0.0404608101,2.0300000000,0.5900000000,0.0000000000,12.5870000000,6.0000000000,10.0000000000,44.8494885009,1.8333811531,0.2967832409
2026-01-28 16:58:36.753599,144.0000000000,-78.7002486000,35.7283850000,24.9980000000,0.1014209315,-0.0273278877,-0.0303459931,0.4400000000,0.1200000000,0.0000000000,12.5870000000,6.0000000000,10.0000000000,45.8541117067,1.8183603119,0.2764995192
2026-01-28 16:58:37.759956,145.0000000000,-78.7002483000,35.7283856000,24.9980000000,0.0240748730,-0.0255637746,-0.0061716796,-0.1600000000,-0.0300000000,0.0000000000,12.5870000000,6.0000000000,10.0000000000,46.8586212016,1.8033411709,0.2562180933
2026-01-28 16:58:38.761971,146.0000000000,-78.7002488000,35.7283837000,24.9950000000,0.0164107084,-0.0244962983,0.0892805010,-0.1900000000,0.0100000000,0.0000000000,12.5870000000,6.0000000000,10.0000000000,47.8587966517,1.7883868313,0.2360241734
2026-01-28 16:58:39.763498,147.0000000000,-78.7002381000,35.7283800000,24.9950000000,0.0773195550,-0.0118510248,0.3188045621,-0.6300000000,2.2800000000,-0.0100000000,12.5870000000,6.0000000000,10.0000000000,48.8584850616,1.7734397738,0.2158400870
2026-01-28 16:58:40.769870,148.0000000000,-78.7002008000,35.7283721000,25.0040000000,0.0598779730,-0.0168168470,0.2582095563,-1.1000000000,4.3300000000,-0.0100000000,12.5870000000,6.0000000000,10.0000000000,49.8630096328,1.7584204074,0.1955583568
2026-01-28 16:58:41.775119,149.0000000000,-78.7001504000,35.7283620000,25.0030000000,0.0463199578,-0.0197994113,0.2210727334,-1.1900000000,4.7500000000,0.0000000000,12.5870000000,6.0000000000,10.0000000000,50.8664131937,1.7434178020,0.1752992601
2026-01-28 16:58:42.776625,150.0000000000,-78.7000966000,35.7283512000,24.9980000000,0.0434311740,-0.0206658021,0.2172678560,-1.2100000000,4.9400000000,0.0000000000,12.5870000000,6.0000000000,10.0000000000,51.8660803946,1.7284710616,0.1551156020
2026-01-28 16:58:43.778244,151.0000000000,-78.7000417000,35.7283404000,24.9960000000,0.0415516160,-0.0211257283,0.2116166204,-1.2100000000,5.0000000000,0.0000000000,12.5870000000,6.0000000000,10.0000000000,52.8658607953,1.7135226287,0.1349296583
2026-01-28 16:58:44.784494,152.0000000000,-78.6999863000,35.7283297000,24.9940000000,0.0397190712,-0.0208434630,0.2018797845,-1.1900000000,4.9800000000,0.0000000000,12.5870000000,6.0000000000,10.0000000000,53.8702634786,1.6985050847,0.1146503890
2026-01-28 16:58:45.791270,153.0000000000,-78.6999316000,35.7283190000,24.9940000000,0.0397302434,-0.0217288211,0.2017320246,-1.1700000000,4.9200000000,0.0000000000,12.5870000000,6.0000000000,10.0000000000,54.8751910207,1.6834796932,0.0943605225
2026-01-28 16:58:46.801299,154.0000000000,-78.6998774000,35.7283085000,24.9940000000,0.0399106741,-0.0214132909,0.2025137991,-1.1700000000,4.9000000000,0.0000000000,12.5870000000,6.0000000000,10.0000000000,55.8833658383,1.6684057494,0.0740050924
2026-01-28 16:58:47.804101,155.0000000000,-78.6998236000,35.7282980000,24.9920000000,0.0419051200,-0.0219695065,0.2054888159,-1.1600000000,4.8900000000,0.0000000000,12.5870000000,6.0000000000,10.0000000000,56.8843270432,1.6534396614,0.0537953078
2026-01-28 16:58:49.746863,156.0000000000,-78.6997157000,35.7282771000,24.9920000000,0.0414356515,-0.0196860470,0.2031046450,-1.1700000000,4.8900000000,0.0000000000,12.5870000000,6.0000000000,10.0000000000,58.8235224528,1.6244453618,0.0146422205
2026-01-28 16:58:50.752645,157.0000000000,-78.6996618000,35.7282666000,24.9920000000,0.0418765917,-0.0210498627,0.2022726089,-1.1700000000,4.8900000000,0.0000000000,12.5870000000,6.0000000000,10.0000000000,0.2657039331,0.8684536911,0.2467051240
2026-01-28 16:58:51.758461,158.0000000000,-78.6996079000,35.7282561000,24.9920000000,0.0413403101,-0.0214504749,0.2025142908,-1.1700000000,4.8700000000,0.0000000000,12.5870000000,6.0000000000,10.0000000000,0.6329058896,1.6078231084,0.1709804048
2026-01-28 16:58:52.763953,159.0000000000,-78.6995544000,35.7282457000,24.9920000000,0.0421722531,-0.0210484564,0.2054205388,-1.1700000000,4.8900000000,0.0000000000,12.5870000000,6.0000000000,10.0000000000,0.2840249897,2.8080635652,0.3603898136
2026-01-28 16:58:53.770273,160.0000000000,-78.6995004000,35.7282353000,24.9920000000,0.0417134278,-0.0212436710,0.2033204883,-1.1700000000,4.8900000000,0.0000000000,12.5870000000,6.0000000000,10.0000000000,0.8648990952,3.1857671326,0.3283265196
2026-01-28 16:58:54.777141,161.0000000000,-78.6994466000,35.7282248000,24.9920000000,0.0416450500,-0.0212738253,0.2029576004,-1.1700000000,4.8900000000,0.0000000000,12.5870000000,6.0000000000,10.0000000000,1.8678121011,3.1753123929,0.3216981960
2026-01-28 16:58:55.778755,162.0000000000,-78.6993925000,35.7282143000,24.9930000000,0.0410375781,-0.0214555115,0.1996873319,-1.1700000000,4.8700000000,0.0000000000,12.5870000000,6.0000000000,10.0000000000,2.8654918561,3.1649122065,0.3151044593
2026-01-28 16:58:56.780316,163.0000000000,-78.6993389000,35.7282039000,24.9930000000,0.0417435132,-0.0222834516,0.2028481066,-1.1700000000,4.8700000000,0.0000000000,12.5870000000,6.0000000000,10.0000000000,3.8631185724,3.1545125731,0.3085110732
2026-01-28 16:58:57.781279,164.0000000000,-78.6992851000,35.7281934000,24.9930000000,0.0422731079,-0.0220695436,0.2030616403,-1.1700000000,4.8700000000,0.0000000000,12.5870000000,6.0000000000,10.0000000000,4.8601498766,3.1441191464,0.3019216221
2026-01-28 16:58:58.782679,165.0000000000,-78.6992316000,35.7281830000,24.9940000000,0.0422640070,-0.0203878228,0.2063759118,-1.1700000000,4.8900000000,0.0000000000,12.5870000000,6.0000000000,10.0000000000,5.8576164563,3.1337211823,0.2953292943
2026-01-28 16:58:59.784709,166.0000000000,-78.6991774000,35.7281725000,24.9950000000,0.0406736620,-0.0204759538,0.1993309408,-1.1700000000,4.8900000000,0.0000000000,12.5870000000,6.0000000000,10.0000000000,6.8557105774,3.1233166765,0.2887328190
2026-01-28 16:59:00.786590,167.0000000000,-78.6991236000,35.7281621000,24.9950000000,0.0421685092,-0.0221028905,0.2029004842,-1.1700000000,4.8700000000,0.0000000000,12.5870000000,6.0000000000,10.0000000000,7.8536560367,3.1129137203,0.2821373263
2026-01-28 16:59:01.788297,168.0000000000,-78.6990696000,35.7281516000,24.9950000000,0.0414368138,-0.0216135252,0.1988225877,-1.1700000000,4.8700000000,0.0000000000,12.5870000000,6.0000000000,10.0000000000,8.8514283547,3.1025125691,0.2755429778
2026-01-28 16:59:02.789647,169.0000000000,-78.6990161000,35.7281412000,24.9950000000,0.0422769152,-0.0195420776,0.2040550113,-1.1700000000,4.8700000000,0.0000000000,12.5870000000,6.0000000000,10.0000000000,9.8488452105,3.0921151233,0.2689509787
2026-01-28 16:59:03.791451,170.0000000000,-78.6989623000,35.7281307000,24.9950000000,0.0416155383,-0.0208437853,0.2024611831,-1.1700000000,4.8800000000,0.0000000000,12.5870000000,6.0000000000,10.0000000000,10.8467139165,3.0817129672,0.2623559932
2026-01-28 16:59:04.813222,171.0000000000,-78.6989033000,35.7281192000,24.9950000000,0.0424683392,-0.0210591052,0.2047659755,-1.1700000000,4.8900000000,0.0000000000,12.5870000000,6.0000000000,10.0000000000,11.8644714235,3.0711034829,0.2556295612
2026-01-28 16:59:05.815309,172.0000000000,-78.6988491000,35.7281087000,24.9950000000,0.0411403477,-0.0206698310,0.1986499578,-1.1700000000,4.8900000000,0.0000000000,12.5870000000,6.0000000000,10.0000000000,12.8626224083,3.0606983843,0.2490327101
2026-01-28 16:59:06.817790,173.0000000000,-78.6987954000,35.7280983000,24.9950000000,0.0421486869,-0.0223459005,0.2023068070,-1.1700000000,4.8700000000,0.0000000000,12.5870000000,6.0000000000,10.0000000000,13.8611655745,3.0502891974,0.2424332670
2026-01-28 16:59:07.818788,174.0000000000,-78.6987415000,35.7280878000,24.9950000000,0.0415928811,-0.0229931418,0.2005067468,-1.1700000000,4.8800000000,0.0000000000,12.5870000000,6.0000000000,10.0000000000,14.8582318130,3.0398954066,0.2358435851
2026-01-28 16:59:08.821096,175.0000000000,-78.6986880000,35.7280774000,24.9950000000,0.0428294167,-0.0206799079,0.2044963390,-1.1700000000,4.8800000000,0.0000000000,12.5870000000,6.0000000000,10.0000000000,15.8566026030,3.0294880167,0.2292452813
2026-01-28 16:59:09.826242,176.0000000000,-78.6986339000,35.7280669000,24.9950000000,0.0417541936,-0.0204560552,0.2014275342,-1.1700000000,4.8900000000,0.0000000000,12.5870000000,6.0000000000,10.0000000000,16.8578005163,3.0190511557,0.2226282929
2026-01-28 16:59:10.832176,177.0000000000,-78.6985801000,35.7280565000,24.9950000000,0.0422723964,-0.0218067337,0.2016291618,-1.1700000000,4.8700000000,0.0000000000,12.5870000000,6.0000000000,10.0000000000,17.8597833025,3.0086061130,0.2160061171
2026-01-28 16:59:11.834487,178.0000000000,-78.6985265000,35.7280460000,24.9950000000,0.0234079380,-0.0250199605,0.1322055310,-1.1300000000,4.7200000000,0.0000000000,12.5870000000,6.0000000000,10.0000000000,18.8581571524,2.9981986911,0.2094077931
2026-01-28 16:59:12.841473,179.0000000000,-78.6984800000,35.7280370000,24.9920000000,-0.0050876774,-0.0257299393,0.0124297338,-0.8600000000,3.6300000000,0.0000000000,12.5870000000,6.0000000000,10.0000000000,19.8611877108,2.9877427260,0.2027786926
2026-01-28 16:59:13.844027,180.0000000000,-78.6984477000,35.7280307000,24.9910000000,-0.0293610822,-0.0256870650,-0.0947739854,-0.4900000000,2.1600000000,0.0000000000,12.5870000000,6.0000000000,10.0000000000,20.8598035504,2.9773327816,0.1961787692
2026-01-28 16:59:14.849354,181.0000000000,-78.6984334000,35.7280279000,24.9940000000,-0.0310143996,-0.0254099332,-0.1132905483,-0.1000000000,0.5300000000,0.0000000000,12.5870000000,6.0000000000,10.0000000000,21.8611817448,2.9668940413,0.1895605893
2026-01-28 16:59:16.689700,182.0000000000,-78.6984344000,35.7280280000,24.9900000000,0.0059586661,-0.0269072000,0.0208406653,0.0300000000,-0.1000000000,0.0000000000,12.5870000000,6.0000000000,10.0000000000,23.6942990052,2.9477849424,0.1774453865
2026-01-28 16:59:17.695956,183.0000000000,-78.6984251000,35.7280265000,24.9900000000,0.0841068029,-0.0142473318,0.3040935993,-0.5300000000,2.1700000000,-0.0100000000,12.5870000000,6.0000000000,10.0000000000,24.6966023194,2.9373365584,0.1708210924
2026-01-28 16:59:18.697726,184.0000000000,-78.6983894000,35.7280197000,24.9980000000,0.0806357786,-0.0157510117,0.2977673411,-1.0800000000,4.2500000000,-0.0100000000,12.5870000000,6.0000000000,10.0000000000,25.6944373661,2.9269347532,0.1642263293
2026-01-28 16:59:19.704894,185.0000000000,-78.6983396000,35.7280097000,25.0010000000,0.0523365512,-0.0224584453,0.2218514383,-1.2200000000,4.7200000000,0.0000000000,12.5870000000,6.0000000000,10.0000000000,26.6976492254,2.9164768982,0.1575960306
2026-01-28 16:59:20.743852,186.0000000000,-78.6982801000,35.7279977000,24.9960000000,0.0412250012,-0.0246088337,0.2120626718,-1.2300000000,4.9000000000,0.0000000000,12.5870000000,6.0000000000,10.0000000000,27.7325262939,2.9056889531,0.1507564542
2026-01-28 16:59:21.844309,187.0000000000,-78.6982197000,35.7279856000,24.9950000000,0.0395238735,-0.0248826742,0.2065138519,-1.2100000000,4.9500000000,0.0000000000,12.5870000000,6.0000000000,10.0000000000,28.8286606756,2.8942624390,0.1435120238
2026-01-28 16:59:23.583682,188.0000000000,-78.6981267000,35.7279674000,24.9980000000,0.0400101021,-0.0248970687,0.2018225640,-1.1700000000,4.9000000000,0.0000000000,12.5870000000,6.0000000000,10.0000000000,30.5612015006,2.8762017864,0.1320615379
2026-01-28 16:59:24.589226,189.0000000000,-78.6980726000,35.7279568000,24.9980000000,0.0407529697,-0.0254272893,0.2011902332,-1.1700000000,4.8900000000,0.0000000000,12.5870000000,6.0000000000,10.0000000000,31.5627956753,2.8657607947,0.1254419305
2026-01-28 16:59:25.591261,190.0000000000,-78.6980189000,35.7279462000,24.9960000000,0.0420568958,-0.0246851239,0.2043849230,-1.1700000000,4.8900000000,0.0000000000,12.5870000000,6.0000000000,10.0000000000,32.5608946412,2.8553562384,0.1188454232
2026-01-28 16:59:26.598645,191.0000000000,-78.6979648000,35.7279356000,24.9950000000,0.0410186835,-0.0243888237,0.1993807107,-1.1800000000,4.8900000000,0.0000000000,12.5870000000,6.0000000000,10.0000000000,33.5643217159,2.8448961398,0.1122137021
2026-01-28 16:59:27.600305,192.0000000000,-78.6979110000,35.7279251000,24.9960000000,0.0419239961,-0.0254206210,0.2030315399,-1.1800000000,4.8800000000,0.0000000000,12.5870000000,6.0000000000,10.0000000000,34.5620471150,2.8344954777,0.1056196637
2026-01-28 16:59:28.607148,193.0000000000,-78.6978518000,35.7279134000,24.9960000000,0.0409255140,-0.0257612113,0.2012322545,-1.1800000000,4.8800000000,0.0000000000,12.5870000000,6.0000000000,10.0000000000,35.5649353864,2.8240409958,0.0989915035
2026-01-28 16:59:29.608826,194.0000000000,-78.6978036000,35.7279040000,24.9980000000,0.0423130579,-0.0242546871,0.2053274363,-1.1800000000,4.8800000000,0.0000000000,12.5870000000,6.0000000000,10.0000000000,36.5626788901,2.8136401449,0.0923973455
2026-01-28 16:59:30.748756,195.0000000000,-78.6977388000,35.7278912000,24.9970000000,0.0412964746,-0.0242036656,0.1994661689,-1.1900000000,4.8900000000,0.0000000000,12.5870000000,6.0000000000,10.0000000000,37.6981311189,2.8018037668,0.0848930607
2026-01-28 16:59:31.749675,196.0000000000,-78.6976850000,35.7278806000,24.9960000000,0.0415565707,-0.0255148020,0.2018838972,-1.1800000000,4.8700000000,0.0000000000,12.5870000000,6.0000000000,10.0000000000,38.6951185641,2.7914107974,0.0783038995
2026-01-28 16:59:32.750589,197.0000000000,-78.6976312000,35.7278700000,24.9970000000,0.0415086932,-0.0255628526,0.2007622570,-1.1900000000,4.8800000000,0.0000000000,12.5870000000,6.0000000000,10.0000000000,39.6921009094,2.7810178811,0.0717147721
2026-01-28 16:59:33.752314,198.0000000000,-78.6975776000,35.7278595000,24.9980000000,0.0422374383,-0.0239397977,0.2042430937,-1.1800000000,4.8700000000,0.0000000000,12.5870000000,6.0000000000,10.0000000000,40.6898913321,2.7706165411,0.0651203040
2026-01-28 16:59:34.754328,199.0000000000,-78.6975237000,35.7278489000,24.9970000000,0.0418078788,-0.0238836780,0.2003103644,-1.1900000000,4.8900000000,0.0000000000,12.5870000000,6.0000000000,10.0000000000,41.6879693885,2.7602122027,0.0585239349
2026-01-28 16:59:35.760604,200.0000000000,-78.6974699000,35.7278383000,24.9960000000,0.0426395014,-0.0250282027,0.2026859820,-1.1800000000,4.8700000000,0.0000000000,12.5870000000,6.0000000000,10.0000000000,42.6902925922,2.7497636114,0.0518995093
2026-01-28 16:59:36.766486,201.0000000000,-78.6974162000,35.7278277000,24.9960000000,0.0420411043,-0.0249285847,0.2008047849,-1.1800000000,4.8800000000,0.0000000000,12.5870000000,6.0000000000,10.0000000000,43.6922236145,2.7393191082,0.0452776757
2026-01-28 16:59:37.773606,202.0000000000,-78.6973624000,35.7278171000,24.9980000000,0.0420826003,-0.0248211138,0.2019680440,-1.1800000000,4.8700000000,0.0000000000,12.5870000000,6.0000000000,10.0000000000,44.6953875350,2.7288617529,0.0386476937
2026-01-28 16:59:38.775160,203.0000000000,-78.6973086000,35.7278065000,24.9980000000,0.0419655591,-0.0253898874,0.2014290541,-1.1800000000,4.8700000000,0.0000000000,12.5870000000,6.0000000000,10.0000000000,45.6930076213,2.7184621886,0.0320543514
2026-01-28 16:59:39.777028,204.0000000000,-78.6972550000,35.7277960000,24.9970000000,0.0421470851,-0.0254467651,0.2050324529,-1.1800000000,4.8700000000,0.0000000000,12.5870000000,6.0000000000,10.0000000000,46.6909403309,2.7080593653,0.0254589429
2026-01-28 16:59:40.783055,205.0000000000,-78.6972013000,35.7277854000,24.9960000000,0.0428112783,-0.0234907344,0.2035807371,-1.1900000000,4.8900000000,0.0000000000,12.5870000000,6.0000000000,10.0000000000,47.6930156801,2.6976133577,0.0188361554
2026-01-28 16:59:41.784143,206.0000000000,-78.6971472000,35.7277748000,24.9960000000,0.0415171310,-0.0244280826,0.2003922760,-1.1800000000,4.8700000000,0.0000000000,12.5870000000,6.0000000000,10.0000000000,48.6901714216,2.6872186338,0.0122458820
2026-01-28 16:59:42.791674,207.0000000000,-78.6970935000,35.7277642000,24.9980000000,0.0420623012,-0.0254047271,0.2007166147,-1.1800000000,4.8700000000,0.0000000000,12.5870000000,6.0000000000,10.0000000000,49.6937448631,2.6767570095,0.0056131935
2026-01-28 16:59:44.270336,208.0000000000,-78.6970129000,35.7277483000,24.9980000000,0.0419233777,-0.0241200067,0.2029406726,-1.1800000000,4.8600000000,0.0000000000,12.5870000000,6.0000000000,10.0000000000,25.6716118602,2.0964018355,0.0178501594
2026-01-28 16:59:45.747551,209.0000000000,-78.6969322000,35.7277325000,24.9960000000,0.0421855524,-0.0236083753,0.2020755708,-1.1800000000,4.8600000000,0.0000000000,12.5870000000,6.0000000000,10.0000000000,2.2864853939,1.5423528547,0.0306327551
2026-01-28 16:59:46.749505,210.0000000000,-78.6968788000,35.7277220000,24.9960000000,0.0430926941,-0.0249135289,0.2050618231,-1.1900000000,4.8800000000,0.0000000000,12.5870000000,6.0000000000,10.0000000000,2.8504892795,1.5472464929,0.0266398736
2026-01-28 16:59:47.751131,211.0000000000,-78.6968247000,35.7277113000,24.9980000000,0.0414974280,-0.0244955681,0.2008903623,-1.1900000000,4.8800000000,0.0000000000,12.5870000000,6.0000000000,10.0000000000,3.4143084244,1.5521385281,0.0226483000
2026-01-28 16:59:48.756662,212.0000000000,-78.6967711000,35.7277008000,24.9980000000,0.0429440998,-0.0255929064,0.2034644932,-1.1800000000,4.8800000000,0.0000000000,12.5870000000,6.0000000000,10.0000000000,3.9803258669,1.5570496372,0.0186411634
2026-01-28 16:59:49.762006,213.0000000000,-78.6967176000,35.7276902000,24.9980000000,0.0158908479,-0.0288682580,0.1042745486,-1.1300000000,4.6500000000,0.0000000000,12.5870000000,6.0000000000,10.0000000000,4.5462379698,1.5619598322,0.0146347727
2026-01-28 16:59:50.766904,214.0000000000,-78.6966721000,35.7276813000,24.9930000000,-0.0098735914,-0.0297375564,-0.0053970199,-0.8500000000,3.5300000000,0.0000000000,12.5870000000,6.0000000000,10.0000000000,2.7473388348,1.4509738202,0.0317257680
2026-01-28 16:59:51.774101,215.0000000000,-78.6966408000,35.7276752000,24.9920000000,-0.0357782468,-0.0285082869,-0.1213120818,-0.4700000000,2.0100000000,0.0000000000,12.5870000000,6.0000000000,10.0000000000,1.8174040112,1.3716146202,0.0419439499
2026-01-28 16:59:52.779729,216.0000000000,-78.6966280000,35.7276727000,24.9960000000,-0.0264255740,-0.0296487920,-0.0981966332,-0.0800000000,0.4200000000,0.0000000000,12.5870000000,6.0000000000,10.0000000000,2.5835819621,1.3590939355,0.0383413986
2026-01-28 16:59:53.785456,217.0000000000,-78.6966277000,35.7276725000,24.9930000000,-0.0053524114,-0.0306527298,-0.0190809797,0.0400000000,-0.1500000000,0.0000000000,12.5870000000,6.0000000000,10.0000000000,3.3498355900,1.3465720141,0.0347384915
2026-01-28 16:59:54.791121,218.0000000000,-78.6966304000,35.7276728000,24.9900000000,0.2013841718,-0.0363526270,-0.0597978160,-0.2500000000,-0.2400000000,0.0000000000,12.5870000000,6.0000000000,10.0000000000,4.1160416273,1.3340508704,0.0311358081
2026-01-28 16:59:55.801759,219.0000000000,-78.6966373000,35.7276600000,24.9930000000,0.3183657229,-0.0461207330,-0.1079534516,-2.7000000000,-0.9300000000,-0.0100000000,12.5870000000,6.0000000000,10.0000000000,4.8860367817,1.3214678059,0.0275153084
2026-01-28 16:59:56.803647,220.0000000000,-78.6966510000,35.7276275000,25.0040000000,0.2357735783,-0.0387186222,-0.0721489862,-4.3800000000,-1.4500000000,0.0000000000,12.5870000000,6.0000000000,10.0000000000,5.6493653368,1.3089936853,0.0239261549
2026-01-28 16:59:57.805734,221.0000000000,-78.6966678000,35.7275864000,24.9990000000,0.2105682045,-0.0367834643,-0.0576510280,-4.7200000000,-1.5300000000,0.0000000000,12.5870000000,6.0000000000,10.0000000000,6.3234118624,1.2959548231,0.0205214078
2026-01-28 16:59:58.810450,222.0000000000,-78.6966852000,35.7275432000,24.9970000000,0.2065454423,-0.0366956145,-0.0550853573,-4.8400000000,-1.5400000000,0.0000000000,12.5870000000,6.0000000000,10.0000000000,6.1022625957,1.2772425764,0.0189643588
2026-01-28 16:59:59.814943,223.0000000000,-78.6967021000,35.7275008000,24.9970000000,0.0579204857,-0.0324828587,-0.0026166735,-4.3000000000,-1.3500000000,0.0000000000,12.5870000000,6.0000000000,10.0000000000,5.8811624085,1.2585344824,0.0174076552
2026-01-28 17:00:00.817234,224.0000000000,-78.6967162000,35.7274649000,24.9920000000,-0.0421771221,-0.0342087038,0.0266036894,-2.8800000000,-0.8600000000,0.0000000000,12.5870000000,6.0000000000,10.0000000000,5.6605469309,1.2398674016,0.0158543644
2026-01-28 17:00:01.823296,225.0000000000,-78.6967234000,35.7274464000,24.9940000000,-0.1349885762,-0.0381772965,0.0541832186,-1.1900000000,-0.3200000000,0.0000000000,12.5870000000,6.0000000000,10.0000000000,5.4391013839,1.2211300855,0.0142952293
2026-01-28 17:00:02.830854,226.0000000000,-78.6967252000,35.7274417000,24.9960000000,-0.0625036955,-0.0346239731,0.0246326346,-0.1300000000,0.0000000000,0.0000000000,12.5870000000,6.0000000000,10.0000000000,5.2173265929,1.2023649108,0.0127337761
2026-01-28 17:00:03.849317,227.0000000000,-78.6967248000,35.7274429000,24.9930000000,-0.0040931674,-0.0339793824,0.0029817396,0.1600000000,0.0800000000,0.0000000000,12.5870000000,6.0000000000,10.0000000000,5.7676936271,1.1862278004,0.0120645824
2026-01-28 17:00:04.851223,228.0000000000,-78.6967205000,35.7274436000,24.9900000000,0.1290274411,-0.0169963501,0.2768587768,-0.3900000000,1.2800000000,0.0000000000,12.5870000000,6.0000000000,10.0000000000,6.3766269472,1.1705998149,0.0114855156
2026-01-28 17:00:06.747135,229.0000000000,-78.6966532000,35.7274234000,24.9990000000,0.0806402937,-0.0299007446,0.2088190615,-1.7600000000,4.3900000000,0.0000000000,12.5870000000,6.0000000000,10.0000000000,7.5289147285,1.1410268944,0.0103897446
2026-01-28 17:00:07.752472,230.0000000000,-78.6966030000,35.7274073000,24.9940000000,0.0729705393,-0.0313213989,0.2041476071,-1.8500000000,4.6300000000,0.0000000000,12.5870000000,6.0000000000,10.0000000000,8.1399334265,1.1253453887,0.0098086947
2026-01-28 17:00:08.753546,231.0000000000,-78.6965507000,35.7273905000,24.9920000000,0.0675699562,-0.0323440842,0.1971045434,-1.8700000000,4.7400000000,0.0000000000,12.5870000000,6.0000000000,10.0000000000,8.7483610778,1.1097303810,0.0092301089
2026-01-28 17:00:09.756190,232.0000000000,-78.6964980000,35.7273736000,24.9910000000,0.0651185364,-0.0330418870,0.1905374676,-1.8600000000,4.7600000000,0.0000000000,12.5870000000,6.0000000000,10.0000000000,9.3577429649,1.0940908833,0.0086506156
2026-01-28 17:00:10.761897,233.0000000000,-78.6964453000,35.7273568000,24.9910000000,0.0641663149,-0.0331315212,0.1874574125,-1.8400000000,4.7100000000,0.0000000000,12.5870000000,6.0000000000,10.0000000000,9.9689864910,1.0784036075,0.0080693519
2026-01-28 17:00:12.746984,234.0000000000,-78.6963431000,35.7273241000,24.9890000000,0.0118700024,-0.0396223143,0.0617949888,-1.6500000000,4.2300000000,0.0000000000,12.5870000000,6.0000000000,10.0000000000,11.1754726278,1.0474397118,0.0069220408
2026-01-28 17:00:13.748114,235.0000000000,-78.6963028000,35.7273113000,24.9840000000,-0.0227172822,-0.0401297733,-0.0326762795,-1.1700000000,3.0300000000,0.0000000000,12.5870000000,6.0000000000,10.0000000000,11.7839343534,1.0318238296,0.0063434225
2026-01-28 17:00:14.750827,236.0000000000,-78.6962783000,35.7273036000,24.8500000000,-0.0942324102,-0.0313300900,-0.2126987427,-0.4300000000,1.1700000000,0.5100000000,12.5870000000,6.0000000000,10.0000000000,12.3933582499,1.0161832537,0.0057638893
2026-01-28 17:00:15.752682,237.0000000000,-78.6962729000,35.7273019000,23.7830000000,-0.0167577956,-0.0413516872,-0.0418682136,-0.0300000000,0.1100000000,1.5200000000,12.5870000000,6.0000000000,10.0000000000,13.0022606075,1.0005560629,0.0051848520
2026-01-28 17:00:16.757318,238.0000000000,-78.6962736000,35.7273021000,22.1890000000,-0.0005318033,-0.0417006798,-0.0036528914,0.0300000000,-0.0800000000,1.4800000000,12.5870000000,6.0000000000,10.0000000000,12.0026478661,0.9105742932,0.0064068475
2026-01-28 17:00:17.763609,239.0000000000,-78.6962752000,35.7273025000,20.6910000000,0.0041234093,-0.0417294838,0.0066204318,0.0200000000,-0.0600000000,1.4200000000,12.5870000000,6.0000000000,10.0000000000,9.8587935357,0.7677133633,0.0089100019
2026-01-28 17:00:18.765126,240.0000000000,-78.6962762000,35.7273029000,19.2070000000,0.0046223653,-0.0418251790,0.0057159616,0.0000000000,-0.0100000000,1.4400000000,12.5870000000,6.0000000000,10.0000000000,7.7251108316,0.6255302445,0.0114012800
2026-01-28 17:00:19.772012,241.0000000000,-78.6962766000,35.7273030000,17.7180000000,0.0028917170,-0.0417319015,0.0024425359,-0.0200000000,0.0100000000,1.4500000000,12.5870000000,6.0000000000,10.0000000000,5.5799890020,0.4825848517,0.0139059143
2026-01-28 17:00:20.778439,242.0000000000,-78.6962767000,35.7273031000,16.2170000000,0.0013494228,-0.0416558608,0.0005080914,-0.0200000000,0.0100000000,1.4600000000,12.5870000000,6.0000000000,10.0000000000,0.1517800118,0.2834219727,1.9250581949
2026-01-28 17:00:21.783007,243.0000000000,-78.6962767000,35.7273031000,14.7180000000,0.0012504618,-0.0417422242,0.0002848563,-0.0100000000,0.0000000000,1.4600000000,12.5870000000,6.0000000000,10.0000000000,0.6119711642,0.7453359158,2.7639455749
2026-01-28 17:00:22.789594,244.0000000000,-78.6962768000,35.7273031000,13.2230000000,0.0014780179,-0.0412833206,0.0001930033,-0.0100000000,0.0000000000,1.4600000000,12.5870000000,6.0000000000,10.0000000000,1.6140061606,0.7493240419,2.6539895434
2026-01-28 17:00:23.804403,245.0000000000,-78.6962769000,35.7273031000,11.7290000000,0.0013176050,-0.0418708213,0.0002796256,-0.0100000000,0.0000000000,1.4700000000,12.5870000000,6.0000000000,10.0000000000,2.6242256717,0.7533447426,2.5431354028
2026-01-28 17:00:25.743679,246.0000000000,-78.6962769000,35.7273031000,10.0230000000,0.0014211111,-0.0416049659,0.0004515974,-0.0100000000,0.0000000000,0.4300000000,12.5870000000,6.0000000000,10.0000000000,4.5547316184,0.7610282080,2.3312957231
2026-01-28 17:00:27.742275,247.0000000000,-78.6962770000,35.7273031000,9.0350000000,0.0012334295,-0.0418365300,0.0011423316,-0.0100000000,0.0100000000,0.5100000000,12.5870000000,6.0000000000,10.0000000000,6.5442893629,0.7689467011,2.1129761287
2026-01-28 17:00:28.748537,248.0000000000,-78.6962770000,35.7273031000,8.5310000000,0.0013422057,-0.0416144431,0.0006812913,-0.0100000000,0.0100000000,0.5000000000,12.5870000000,6.0000000000,10.0000000000,7.5460007097,0.7729335390,2.0030556122
2026-01-28 17:00:30.680122,249.0000000000,-78.6962770000,35.7273031000,7.5780000000,0.0006182145,-0.0417567641,0.0005983760,-0.0100000000,0.0100000000,0.5000000000,12.5870000000,6.0000000000,10.0000000000,9.4688504298,0.7805865324,1.7920560711
2026-01-28 17:00:31.686472,250.0000000000,-78.6962771000,35.7273031000,7.0740000000,0.0006665801,-0.0419849232,0.0005257797,0.0000000000,0.0100000000,0.5000000000,12.5870000000,6.0000000000,10.0000000000,10.4706491875,0.7845737182,1.6821259627
2026-01-28 17:00:32.693766,251.0000000000,-78.6962771000,35.7273030000,6.5730000000,-0.0006188771,-0.0421263725,0.0011216216,0.0000000000,0.0100000000,0.4900000000,12.5870000000,6.0000000000,10.0000000000,11.4733878035,0.7885646448,1.5720927211
2026-01-28 17:00:33.699366,252.0000000000,-78.6962771000,35.7273030000,6.0730000000,0.0009660622,-0.0414985679,0.0000838429,0.0000000000,0.0000000000,0.4900000000,12.5870000000,6.0000000000,10.0000000000,12.4744401281,0.7925488598,1.4622445209
2026-01-28 17:00:34.705953,253.0000000000,-78.6962771000,35.7273030000,5.5730000000,0.0005395771,-0.0420504324,0.0008345324,0.0000000000,0.0000000000,0.4900000000,12.5870000000,6.0000000000,10.0000000000,13.4764751246,0.7965369859,1.3522884894
2026-01-28 17:00:36.742408,254.0000000000,-78.6962770000,35.7273030000,4.5190000000,0.0006227234,-0.0413458161,-0.0001969502,0.0000000000,0.0000000000,0.4900000000,12.5870000000,6.0000000000,10.0000000000,15.5037204743,0.8046054767,1.1298333313
2026-01-28 17:00:37.744286,255.0000000000,-78.6962770000,35.7273030000,4.0180000000,0.0000913840,-0.0418718830,-0.0000395346,0.0000000000,0.0000000000,0.4900000000,12.5870000000,6.0000000000,10.0000000000,16.5010676471,0.8085749451,1.0203917075
2026-01-28 17:00:38.745465,256.0000000000,-78.6962770000,35.7273030000,3.5180000000,0.0006698084,-0.0415891670,0.0001920626,0.0000000000,0.0000000000,0.4900000000,12.5870000000,6.0000000000,10.0000000000,17.4977191004,0.8125416446,0.9110264269
2026-01-28 17:00:39.751979,257.0000000000,-78.6962770000,35.7273030000,3.0180000000,-0.0000286243,-0.0415424146,-0.0000747699,0.0000000000,0.0000000000,0.4900000000,12.5870000000,6.0000000000,10.0000000000,18.4996812120,0.8165294806,0.8010783932
2026-01-28 17:00:40.754190,258.0000000000,-78.6962770000,35.7273030000,2.5190000000,-0.0003257121,-0.0418290198,-0.0005151018,0.0000000000,0.0000000000,0.4900000000,12.5870000000,6.0000000000,10.0000000000,19.4973599346,0.8205002686,0.6916003876
2026-01-28 17:00:41.757630,259.0000000000,-78.6962770000,35.7273030000,2.0170000000,-0.0001285914,-0.0419925265,-0.0004797395,0.0000000000,0.0000000000,0.4900000000,12.5870000000,6.0000000000,10.0000000000,20.4962619001,0.8244759252,0.5819881521
2026-01-28 17:00:42.760133,260.0000000000,-78.6962770000,35.7273030000,1.5170000000,0.0001938395,-0.0418378152,0.0000659212,0.0000000000,0.0000000000,0.4900000000,12.5870000000,6.0000000000,10.0000000000,21.4942313977,0.8284478705,0.4724782389
2026-01-28 17:00:44.747243,261.0000000000,-78.6962769000,35.7273029000,0.5180000000,-0.0010478003,-0.0417065062,-0.0002716824,0.0000000000,0.0000000000,0.4900000000,12.5870000000,6.0000000000,10.0000000000,23.4723548789,0.8363208549,0.2554133573
2026-01-28 17:00:45.748916,262.0000000000,-78.6962769000,35.7273029000,0.0360000000,-0.0008294757,-0.0416525826,-0.0005964708,0.0000000000,0.0000000000,0.1000000000,12.5870000000,6.0000000000,10.0000000000,24.4694979230,0.8402895109,0.1459941331
2026-01-28 17:00:46.754826,263.0000000000,-78.6962769000,35.7273028000,0.0350000000,-0.0002675343,-0.0419436991,-0.0004875165,0.0000000000,0.0000000000,0.0100000000,12.5870000000,6.0000000000,10.0000000000,25.4708588617,0.8442749542,0.0361120678
