time,Altitude,BatteryVolts,GPSFix,Latitude,Longitude,NumberOfSatellites,Pitch,Roll,VelocityX,VelocityY,VelocityZ,Yaw,destination,icmp_seq,num,pingtime,size(byte),ttl
2026-01-20 17:44:38.039974,-0.0170000000,12.5870000000,6.0000000000,35.7273024000,-78.6962748000,10.0000000000,0.0013671963,0.0016327659,-0.0100000000,0.0100000000,0.0000000000,-0.0193369312,172.16.0.1:,1.0000000000,15.0600335269,62.6000000000,64.0000000000,64.0000000000
2026-01-20 17:44:38.292269,-0.0170000000,12.5870000000,6.0000000000,35.7273024000,-78.6962748000,10.0000000000,0.0013696049,0.0016305546,-0.0100000000,0.0100000000,0.0000000000,-0.0191508463,172.16.0.1:,2.0000000000,15.3104630311,114.0000000000,64.0000000000,64.0000000000
2026-01-20 17:44:38.479330,-0.0170000000,12.5870000000,6.0000000000,35.7273024000,-78.6962748000,10.0000000000,0.0013713907,0.0016289150,-0.0100000000,0.0100000000,0.0000000000,-0.0190128760,172.16.0.1:,3.0000000000,15.4961407509,102.0000000000,64.0000000000,64.0000000000
2026-01-20 17:44:38.866292,-0.0170000000,12.5870000000,6.0000000000,35.7273024000,-78.6962748000,10.0000000000,0.0013750850,0.0016255233,-0.0100000000,0.0100000000,0.0000000000,-0.0187274651,172.16.0.1:,4.0000000000,15.8802411780,288.0000000000,64.0000000000,64.0000000000
2026-01-20 17:44:40.207395,-0.0170000000,12.5870000000,6.0000000000,35.7273023000,-78.6962747000,10.0000000000,0.0012034356,0.0014443237,-0.0100000000,0.0100000000,0.0000000000,-0.0178053698,172.16.0.1:,7.0000000000,17.2130015944,1014.0000000000,64.0000000000,64.0000000000
2026-01-20 17:44:40.926888,-0.0170000000,12.5870000000,6.0000000000,35.7273023000,-78.6962747000,10.0000000000,0.0010763740,0.0013208554,-0.0100000000,0.0100000000,0.0000000000,-0.0173435224,172.16.0.1:,11.0000000000,17.9274817117,904.0000000000,64.0000000000,64.0000000000
2026-01-20 17:44:41.295891,-0.0170000000,12.5870000000,6.0000000000,35.7273023000,-78.6962747000,10.0000000000,0.0010295580,0.0012729007,-0.0100000000,0.0100000000,0.0000000000,-0.0171263428,172.16.0.1:,13.0000000000,18.2939696052,866.0000000000,64.0000000000,64.0000000000
2026-01-20 17:44:41.633378,-0.0170000000,12.5870000000,6.0000000000,35.7273023000,-78.6962747000,10.0000000000,0.0009908812,0.0012325096,-0.0100000000,0.0100000000,0.0000000000,-0.0169321545,172.16.0.1:,15.0000000000,18.6291689868,796.0000000000,64.0000000000,64.0000000000
2026-01-20 17:44:43.139424,-0.0170000000,12.5870000000,6.0000000000,35.7273023000,-78.6962747000,10.0000000000,0.0008864247,0.0011185337,-0.0100000000,0.0100000000,0.0000000000,-0.0160884087,172.16.0.1:,22.0000000000,20.1252217132,882.0000000000,64.0000000000,64.0000000000
2026-01-20 17:44:43.455297,-0.0170000000,12.5870000000,6.0000000000,35.7273023000,-78.6962747000,10.0000000000,0.0008778026,0.0011088040,-0.0100000000,0.0100000000,0.0000000000,-0.0159168317,172.16.0.1:,24.0000000000,20.4392607092,790.0000000000,64.0000000000,64.0000000000
2026-01-20 17:44:44.216005,-0.0132911854,12.5870000000,6.0000000000,35.7273023000,-78.6962747000,10.0000000000,0.0008641269,0.0010933209,-0.0100000000,0.0100000000,0.0000000000,-0.0155089667,172.16.0.1:,27.0000000000,21.1952007707,942.0000000000,64.0000000000,64.0000000000
2026-01-20 17:44:44.418296,-0.0094768364,12.5870000000,6.0000000000,35.7273023000,-78.6962747000,10.0000000000,0.0008658954,0.0010952647,-0.0100000000,0.0100000000,0.0000000000,-0.0154045765,172.16.0.1:,29.0000000000,21.3959559791,740.0000000000,64.0000000000,64.0000000000
2026-01-20 17:44:45.551535,0.0020000000,12.5870000000,6.0000000000,35.7273023000,-78.6962747000,10.0000000000,0.0009474408,0.0011727580,-0.0047925024,0.0047925024,0.0000000000,-0.0148237793,172.16.0.1:,34.0000000000,22.5207497551,862.0000000000,64.0000000000,64.0000000000
2026-01-20 17:44:46.110414,0.0020000000,12.5870000000,6.0000000000,35.7273023000,-78.6962747000,10.0000000000,0.0010404060,0.0012629537,0.0000000000,0.0000000000,0.0000000000,-0.0145288735,172.16.0.1:,37.0000000000,23.0756168616,805.0000000000,64.0000000000,64.0000000000
2026-01-20 17:44:46.553413,0.0020000000,12.5870000000,6.0000000000,35.7273023000,-78.6962747000,10.0000000000,0.0011732063,0.0014041646,0.0000000000,0.0000000000,0.0000000000,-0.0142410009,172.16.0.1:,39.0000000000,23.5157510436,844.0000000000,64.0000000000,64.0000000000
2026-01-20 17:44:46.659324,0.0020000000,12.5870000000,6.0000000000,35.7273023000,-78.6962747000,10.0000000000,0.0012049558,0.0014379249,0.0000000000,0.0000000000,0.0000000000,-0.0141721772,172.16.0.1:,40.0000000000,23.6209769065,745.0000000000,64.0000000000,64.0000000000
2026-01-20 17:44:47.340317,0.0020000000,12.5870000000,6.0000000000,35.7273023000,-78.6962747000,10.0000000000,0.0014030263,0.0016392615,0.0000000000,0.0000000000,0.0000000000,-0.0137586006,172.16.0.1:,43.0000000000,24.2975503843,811.0000000000,64.0000000000,64.0000000000
2026-01-20 17:44:48.295414,0.0020000000,12.5870000000,6.0000000000,35.7273023000,-78.6962747000,10.0000000000,0.0016713334,0.0018991178,0.0000000000,0.0000000000,0.0000000000,-0.0132235680,172.16.0.1:,47.0000000000,25.2464112776,955.0000000000,64.0000000000,64.0000000000
2026-01-20 17:44:49.246344,0.0025732972,12.5870000000,6.0000000000,35.7273023000,-78.6962747000,10.0000000000,0.0019413073,0.0021749949,0.0000000000,0.0000000000,-0.0114659433,-0.0126670062,172.16.0.1:,52.0000000000,26.1910990544,894.0000000000,64.0000000000,64.0000000000
2026-01-20 17:44:50.119137,0.0383965395,12.5870000000,6.0000000000,35.7273023000,-78.6962747000,10.0000000000,0.0019763426,0.0022072883,0.0000000000,0.0000000000,-0.1240003369,-0.0121655741,172.16.0.1:,56.0000000000,27.0581821245,950.0000000000,64.0000000000,64.0000000000
2026-01-20 17:44:50.862575,0.4625933412,12.5870000000,6.0000000000,35.7273023000,-78.6962747000,10.0000000000,-0.0004706626,-0.0004378156,0.0000000000,0.0000000000,-0.9369210372,-0.0120567745,172.16.0.1:,60.0000000000,27.7972009429,877.0000000000,64.0000000000,64.0000000000
2026-01-20 17:44:51.023466,0.5543957368,12.5870000000,6.0000000000,35.7273023000,-78.6962747000,10.0000000000,-0.0010002304,-0.0010102548,0.0000000000,0.0000000000,-1.1128489730,-0.0120332287,172.16.0.1:,61.0000000000,27.9571354300,837.0000000000,64.0000000000,64.0000000000
2026-01-20 17:44:51.222488,0.8209633934,12.5870000000,6.0000000000,35.7273023155,-78.6962747310,10.0000000000,-0.0004873270,-0.0004474251,0.0000000000,0.0000000000,-1.2917545704,-0.0121673834,172.16.0.1:,62.0000000000,28.1550053769,833.0000000000,64.0000000000,64.0000000000
2026-01-20 17:44:52.214425,2.4845873541,12.5870000000,6.0000000000,35.7273024141,-78.6962749141,10.0000000000,0.0031070356,0.0035272461,-0.0014110866,0.0014110866,-2.0805543313,-0.0107849275,172.16.0.1:,67.0000000000,29.1411086626,815.0000000000,64.0000000000,64.0000000000
2026-01-20 17:44:53.153293,4.7683318669,12.5870000000,6.0000000000,35.7273025000,-78.6962750000,10.0000000000,0.0032467854,0.0039650192,-0.0100000000,0.0107364896,-2.5026351041,0.0022881806,172.16.0.1:,72.0000000000,30.0736489593,736.0000000000,64.0000000000,64.0000000000
2026-01-20 17:44:53.513830,5.6738120414,12.5870000000,6.0000000000,35.7273025000,-78.6962750000,10.0000000000,0.0031981359,0.0040186879,-0.0100000000,0.0143154626,-2.4668453739,0.0022768018,172.16.0.1:,73.0000000000,30.4315462614,888.0000000000,64.0000000000,64.0000000000
2026-01-20 17:44:54.673948,8.5568305616,12.5870000000,6.0000000000,35.7273025000,-78.6962750000,10.0000000000,0.0036213214,0.0036679971,-0.0100000000,0.0200000000,-2.4216801177,0.0024196015,172.16.0.1:,79.0000000000,31.5840058858,825.0000000000,64.0000000000,64.0000000000
2026-01-20 17:44:54.973350,9.2931809424,12.5870000000,6.0000000000,35.7273025000,-78.6962750000,10.0000000000,0.0038763763,0.0034458258,-0.0100000000,0.0200000000,-2.4276328290,0.0025015896,172.16.0.1:,80.0000000000,31.8816414480,920.0000000000,64.0000000000,64.0000000000
2026-01-20 17:44:55.640419,10.9448480822,12.5870000000,6.0000000000,35.7273025000,-78.6962749456,10.0000000000,0.0033083587,0.0032989261,-0.0100000000,0.0200000000,-2.4354419226,0.0025007451,172.16.0.1:,84.0000000000,32.5441922636,751.0000000000,64.0000000000,64.0000000000
2026-01-20 17:44:57.067439,14.5005450888,12.5870000000,6.0000000000,35.7273025000,-78.6962748034,10.0000000000,0.0026875183,0.0018577538,-0.0100000000,0.0103375496,-2.4400000000,0.0023036080,172.16.0.1:,90.0000000000,33.9662450395,962.0000000000,64.0000000000,64.0000000000
2026-01-20 17:44:57.205460,14.8441343409,12.5870000000,6.0000000000,35.7273025000,-78.6962748000,10.0000000000,0.0027334456,0.0018794528,-0.0100000000,0.0089638771,-2.4400000000,0.0023291967,172.16.0.1:,91.0000000000,34.1036122914,896.0000000000,64.0000000000,64.0000000000
2026-01-20 17:44:57.610524,15.8514463810,12.5870000000,6.0000000000,35.7273025000,-78.6962748000,10.0000000000,0.0029201400,0.0021528483,-0.0100000000,0.0049362400,-2.4400000000,0.0024516317,172.16.0.1:,93.0000000000,34.5063760020,889.0000000000,64.0000000000,64.0000000000
2026-01-20 17:44:57.941325,16.6740819051,12.5870000000,6.0000000000,35.7273025000,-78.6962748000,10.0000000000,0.0030726066,0.0023761207,-0.0100000000,0.0016470136,-2.4400000000,0.0025516200,172.16.0.1:,95.0000000000,34.8352986426,816.0000000000,64.0000000000,64.0000000000
2026-01-20 17:44:58.533546,18.0905870341,12.5870000000,6.0000000000,35.7273025000,-78.6962748000,10.0000000000,0.0031136415,0.0028363618,-0.0100000000,0.0021479304,-2.3175679689,0.0025748173,172.16.0.1:,98.0000000000,35.2147930370,804.0000000000,64.0000000000,64.0000000000
2026-01-20 17:44:58.635391,18.3304304673,12.5870000000,6.0000000000,35.7273025000,-78.6962748000,10.0000000000,0.0031052113,0.0029195518,-0.0100000000,0.0026607451,-2.2883375313,0.0025684021,172.16.0.1:,99.0000000000,35.2660745066,702.0000000000,64.0000000000,64.0000000000
2026-01-20 17:44:59.038359,19.2794142320,12.5870000000,6.0000000000,35.7273025000,-78.6962748000,10.0000000000,0.0030718561,0.0032487078,-0.0100000000,0.0046897888,-2.1726820372,0.0025430195,172.16.0.1:,101.0000000000,35.4689788822,701.0000000000,64.0000000000,64.0000000000
2026-01-20 17:44:59.557409,20.5017691825,12.5870000000,6.0000000000,35.7273025000,-78.6962748000,10.0000000000,0.0030288922,0.0036726829,-0.0100000000,0.0073033337,-2.0237099778,0.0025103250,172.16.0.1:,103.0000000000,35.7303333723,813.0000000000,64.0000000000,64.0000000000
2026-01-20 17:45:00.009574,21.5666106755,12.5870000000,6.0000000000,35.7273025000,-78.6962748000,10.0000000000,0.0029914647,0.0040420243,-0.0100000000,0.0095800955,-1.8939345553,0.0024818435,172.16.0.1:,105.0000000000,35.9580095522,863.0000000000,64.0000000000,64.0000000000
2026-01-20 17:45:00.206388,21.9466949167,12.5870000000,6.0000000000,35.7273025000,-78.6962748113,10.0000000000,0.0030047794,0.0041072717,-0.0100000000,0.0100000000,-1.8100871964,0.0024278952,172.16.0.1:,106.0000000000,36.1130430257,852.0000000000,64.0000000000,64.0000000000
2026-01-20 17:45:00.405362,22.2689499267,12.5870000000,6.0000000000,35.7273025000,-78.6962748311,10.0000000000,0.0030402468,0.0041022361,-0.0100000000,0.0100000000,-1.7049824855,0.0023424691,172.16.0.1:,107.0000000000,36.3113538010,848.0000000000,64.0000000000,64.0000000000
2026-01-20 17:45:00.619803,22.6162550539,12.5870000000,6.0000000000,35.7273025000,-78.6962748525,10.0000000000,0.0030784712,0.0040968090,-0.0100000000,0.0100000000,-1.5917075824,0.0022504025,172.16.0.1:,109.0000000000,36.5250800332,654.0000000000,64.0000000000,64.0000000000
2026-01-20 17:45:01.103785,23.3960838575,12.5870000000,6.0000000000,35.7273025000,-78.6962749000,10.0000000000,0.0031670140,0.0040834927,-0.0100000000,0.0100743002,-1.3360620915,0.0020467951,172.16.0.1:,111.0000000000,37.0074300161,737.0000000000,64.0000000000,64.0000000000
2026-01-20 17:45:01.420436,23.7385763687,12.5870000000,6.0000000000,35.7273025000,-78.6962749000,10.0000000000,0.0033197323,0.0040302399,-0.0100000000,0.0132222093,-1.1692229086,0.0020880378,172.16.0.1:,112.0000000000,37.3222209271,853.0000000000,64.0000000000,64.0000000000
2026-01-20 17:45:01.682778,24.0223279356,12.5870000000,6.0000000000,35.7273025000,-78.6962749000,10.0000000000,0.0034462579,0.0039861205,-0.0100000000,0.0158302200,-1.0309983402,0.0021222071,172.16.0.1:,115.0000000000,37.5830219997,512.0000000000,64.0000000000,64.0000000000
2026-01-20 17:45:02.770008,24.8210516267,12.5870000000,6.0000000000,35.7273025000,-78.6962749000,10.0000000000,0.0034210967,0.0040316665,-0.0100000000,0.0200000000,-0.4036650728,0.0023702727,172.16.0.1:,119.0000000000,38.6661228315,793.0000000000,64.0000000000,64.0000000000
2026-01-20 17:45:03.009570,24.9448352951,12.5870000000,6.0000000000,35.7273025000,-78.6962749000,10.0000000000,0.0033394997,0.0040733109,-0.0100000000,0.0200000000,-0.2578966603,0.0024396654,172.16.0.1:,120.0000000000,38.9050874422,828.0000000000,64.0000000000,64.0000000000
2026-01-20 17:45:04.074266,24.9757019730,12.5870000000,6.0000000000,35.7273025000,-78.6962749000,10.0000000000,0.0033479634,0.0037753626,-0.0196305405,0.0200000000,0.0311329729,0.0024622307,172.16.0.1:,125.0000000000,39.9630540538,877.0000000000,64.0000000000,64.0000000000
2026-01-20 17:45:04.363718,24.9692412044,12.5870000000,6.0000000000,35.7273025000,-78.6962749000,10.0000000000,0.0034509028,0.0036891646,-0.0200000000,0.0200000000,0.0199694066,0.0024094804,172.16.0.1:,126.0000000000,40.2503824172,962.0000000000,64.0000000000,64.0000000000
2026-01-20 17:45:05.085605,24.9527611668,12.5870000000,6.0000000000,35.7273025000,-78.6962749000,10.0000000000,0.0037409989,0.0034770163,-0.0200000000,0.0200000000,-0.0373524632,0.0022590726,172.16.0.1:,130.0000000000,40.9669057897,871.0000000000,64.0000000000,64.0000000000
2026-01-20 17:45:05.314339,24.9521941327,12.5870000000,6.0000000000,35.7273025000,-78.6962749000,10.0000000000,0.0036373136,0.0034554209,-0.0200000000,0.0200000000,-0.0400000000,0.0023097367,172.16.0.1:,131.0000000000,41.1941326537,901.0000000000,64.0000000000,64.0000000000
2026-01-20 17:45:05.705460,24.9525827327,12.5870000000,6.0000000000,35.7273025000,-78.6962749000,10.0000000000,0.0034029438,0.0034318068,-0.0200000000,0.0200000000,-0.0400000000,0.0024250583,172.16.0.1:,134.0000000000,41.5827326858,680.0000000000,64.0000000000,64.0000000000
2026-01-20 17:45:06.193282,24.9529325622,12.5870000000,6.0000000000,35.7273025337,-78.6962750079,10.0000000000,-0.0040500123,-0.0152829584,-0.0004430399,-0.0305783450,-0.0379768662,0.0036811563,172.16.0.1:,136.0000000000,42.0674377934,768.0000000000,64.0000000000,64.0000000000
2026-01-20 17:45:07.075414,24.9520557628,12.5870000000,6.0000000000,35.7273029721,-78.6962764108,10.0000000000,-0.0976784160,-0.2582752461,0.2538288023,-0.6881779371,-0.0116728825,0.0184024706,172.16.0.1:,140.0000000000,42.9442372495,838.0000000000,64.0000000000,64.0000000000
2026-01-20 17:45:07.518580,24.9496829310,12.5870000000,6.0000000000,35.7273056646,-78.6962846484,10.0000000000,-0.1101220784,-0.2960948484,0.6330074752,-1.6375186880,-0.0177235633,0.0199035373,172.16.0.1:,142.0000000000,43.3861781651,869.0000000000,64.0000000000,64.0000000000
2026-01-20 17:45:07.613505,24.9491146842,12.5870000000,6.0000000000,35.7273063181,-78.6962866467,10.0000000000,-0.1117134841,-0.3015799126,0.7220328023,-1.8600820058,-0.0196177192,0.0200420558,172.16.0.1:,143.0000000000,43.4808859599,760.0000000000,64.0000000000,64.0000000000
2026-01-20 17:45:07.894315,24.9474336806,12.5870000000,6.0000000000,35.7273082513,-78.6962925582,10.0000000000,-0.1164212257,-0.3178059847,0.9853900416,-2.5184751039,-0.0252210647,0.0204518251,172.16.0.1:,144.0000000000,43.7610532357,835.0000000000,64.0000000000,64.0000000000
2026-01-20 17:45:08.126394,24.9460443930,12.5870000000,6.0000000000,35.7273098489,-78.6962974439,10.0000000000,-0.1203120006,-0.3312162353,1.2030450951,-3.0626127379,-0.0298520233,0.0207904843,172.16.0.1:,145.0000000000,43.9926011650,867.0000000000,64.0000000000,64.0000000000
2026-01-20 17:45:08.740426,24.9514220190,12.5870000000,6.0000000000,35.7273182138,-78.6963235654,10.0000000000,-0.0898460835,-0.2599442208,1.5172477433,-3.8390826599,-0.0300000000,0.0117009579,172.16.0.1:,148.0000000000,44.6024465555,875.0000000000,64.0000000000,64.0000000000
2026-01-20 17:45:09.309436,24.9551678266,12.5870000000,6.0000000000,35.7273264188,-78.6963491249,10.0000000000,-0.0680095990,-0.2109317537,1.7367826590,-4.3819566475,-0.0283217341,0.0061816597,172.16.0.1:,151.0000000000,45.1678265901,840.0000000000,64.0000000000,64.0000000000
2026-01-20 17:45:09.552383,24.9554095087,12.5870000000,6.0000000000,35.7273303340,-78.6963612573,10.0000000000,-0.0656334308,-0.2084873563,1.7609508656,-4.4423771639,-0.0259049134,0.0068815418,172.16.0.1:,153.0000000000,45.4095086556,678.0000000000,64.0000000000,64.0000000000
2026-01-20 17:45:09.903338,24.9557586363,12.5870000000,6.0000000000,35.7273359899,-78.6963787835,10.0000000000,-0.0622008802,-0.2049562434,1.7958636268,-4.5296590671,-0.0224136373,0.0078925733,172.16.0.1:,154.0000000000,45.7586362683,826.0000000000,64.0000000000,64.0000000000
2026-01-20 17:45:11.220516,24.9646871520,12.5870000000,6.0000000000,35.7273579567,-78.6964468133,10.0000000000,-0.0573028089,-0.1969458183,1.8400000000,-4.6817178800,-0.0194273733,0.0040097298,172.16.0.1:,160.0000000000,47.0572626681,931.0000000000,64.0000000000,64.0000000000
2026-01-20 17:45:11.337447,24.9659110329,12.5870000000,6.0000000000,35.7273600169,-78.6964532488,10.0000000000,-0.0571188289,-0.1964332483,1.8400000000,-4.6847775822,-0.0184074726,0.0041550873,172.16.0.1:,161.0000000000,47.1592527384,844.0000000000,64.0000000000,64.0000000000
2026-01-20 17:45:11.587437,24.9685276070,12.5870000000,6.0000000000,35.7273644215,-78.6964670077,10.0000000000,-0.0567254922,-0.1953374086,1.8400000000,-4.6913190175,-0.0162269942,0.0044658518,172.16.0.1:,162.0000000000,47.3773005827,890.0000000000,64.0000000000,64.0000000000
2026-01-20 17:45:12.649332,24.9787795441,12.5870000000,6.0000000000,35.7273828023,-78.6965244713,10.0000000000,-0.0553125481,-0.1916162863,1.8365255698,-4.6995767094,-0.0100000000,0.0052463156,172.16.0.1:,167.0000000000,48.3474430184,943.0000000000,64.0000000000,64.0000000000
2026-01-20 17:45:12.872294,24.9805605131,12.5870000000,6.0000000000,35.7273865201,-78.6965361144,10.0000000000,-0.0551269536,-0.1912372036,1.8342993587,-4.6928980760,-0.0100000000,0.0051777466,172.16.0.1:,168.0000000000,48.5700641322,962.0000000000,64.0000000000,64.0000000000
2026-01-20 17:45:13.061406,24.9820710970,12.5870000000,6.0000000000,35.7273896734,-78.6965459898,10.0000000000,-0.0549695358,-0.1909156730,1.8324111287,-4.6872333861,-0.0100000000,0.0051195877,172.16.0.1:,169.0000000000,48.7588871309,947.0000000000,64.0000000000,64.0000000000
2026-01-20 17:45:13.741352,24.9873381184,12.5870000000,6.0000000000,35.7274007707,-78.6965806619,10.0000000000,-0.0501749690,-0.1782523079,1.8208960408,-4.6557227754,-0.0069653469,0.0042308787,172.16.0.1:,172.0000000000,49.3034653072,1016.0000000000,64.0000000000,64.0000000000
2026-01-20 17:45:14.049581,24.9896847313,12.5870000000,6.0000000000,35.7274057413,-78.6965961709,10.0000000000,-0.0469458151,-0.1696389028,1.8144961873,-4.6386564996,-0.0048320624,0.0036583448,172.16.0.1:,174.0000000000,49.5167937550,923.0000000000,64.0000000000,64.0000000000
2026-01-20 17:45:14.216435,24.9909550249,12.5870000000,6.0000000000,35.7274084320,-78.6966045664,10.0000000000,-0.0451977749,-0.1649762021,1.8110317502,-4.6294180004,-0.0036772501,0.0033484146,172.16.0.1:,175.0000000000,49.6322749949,887.0000000000,64.0000000000,64.0000000000
2026-01-20 17:45:14.898305,24.9954491392,12.5870000000,6.0000000000,35.7274192158,-78.6966382467,10.0000000000,-0.0325397739,-0.1306945057,1.7416119066,-4.4547783318,0.0000000000,0.0016975548,172.16.0.1:,178.0000000000,50.1497130600,952.0000000000,64.0000000000,64.0000000000
2026-01-20 17:45:15.725304,24.9979161800,12.5870000000,6.0000000000,35.7274313865,-78.6966764036,10.0000000000,0.0064139107,-0.0239451902,1.4208965957,-3.6571017894,0.0000000000,-0.0019494266,172.16.0.1:,185.0000000000,50.9720600110,360.0000000000,64.0000000000,64.0000000000
2026-01-20 17:45:18.059968,25.0040000000,12.5870000000,6.0000000000,35.7274475813,-78.6967279344,10.0000000000,0.0388382711,0.0980660198,0.1484341588,-0.4204072619,0.0000000000,-0.0008994491,172.16.0.1:,195.0000000000,53.3020957081,643.0000000000,64.0000000000,64.0000000000
2026-01-20 17:45:19.021715,25.0032136622,12.5870000000,6.0000000000,35.7274478689,-78.6967288234,10.0000000000,0.0099582756,0.0236266943,-0.0426211261,0.1204845043,0.0000000000,-0.0028831970,172.16.0.1:,198.0000000000,54.2621126073,992.0000000000,64.0000000000,64.0000000000
2026-01-20 17:45:19.278030,25.0024460532,12.5870000000,6.0000000000,35.7274477410,-78.6967282604,10.0000000000,0.0048591576,0.0071321564,-0.0451798226,0.1307192904,0.0000000000,-0.0029251701,172.16.0.1:,199.0000000000,54.5179822599,1048.0000000000,64.0000000000,64.0000000000
2026-01-20 17:45:19.530159,25.0016909808,12.5870000000,6.0000000000,35.7274476152,-78.6967277067,10.0000000000,-0.0001566822,-0.0090929944,-0.0476967308,0.1407869230,0.0000000000,-0.0029664577,172.16.0.1:,200.0000000000,54.7696730761,1096.0000000000,64.0000000000,64.0000000000
2026-01-20 17:45:20.005575,25.0005126929,12.5870000000,6.0000000000,35.7274478655,-78.6967292467,10.0000000000,-0.0201146597,-0.0924034159,0.0742633179,-0.3860378420,0.0000000000,-0.0004118322,172.16.0.1:,202.0000000000,55.2436535646,1164.0000000000,64.0000000000,64.0000000000
2026-01-20 17:45:20.356066,24.9998146737,12.5870000000,6.0000000000,35.7274483890,-78.6967321784,10.0000000000,-0.0421276392,-0.1904691442,0.2522582104,-1.1538589468,0.0000000000,0.0033015362,172.16.0.1:,204.0000000000,55.5926631576,1111.0000000000,64.0000000000,64.0000000000
2026-01-20 17:45:20.945998,25.0002594441,12.5870000000,6.0000000000,35.7274502055,-78.6967418792,10.0000000000,-0.0660071699,-0.3032217351,0.5517594964,-2.4350300437,0.0000000000,0.0070290842,172.16.0.1:,207.0000000000,56.1799205812,1097.0000000000,64.0000000000,64.0000000000
2026-01-20 17:45:21.191094,25.0019661470,12.5870000000,6.0000000000,35.7274518390,-78.6967503884,10.0000000000,-0.0635512700,-0.3009151820,0.6761049991,-2.9567935256,0.0000000000,0.0062073278,172.16.0.1:,208.0000000000,56.4237352923,1141.0000000000,64.0000000000,64.0000000000
2026-01-20 17:45:21.356951,25.0031210772,12.5870000000,6.0000000000,35.7274529445,-78.6967561465,10.0000000000,-0.0618893565,-0.2993543318,0.7602499072,-3.3098721598,0.0000000000,0.0056512432,172.16.0.1:,209.0000000000,56.5887253083,1104.0000000000,64.0000000000,64.0000000000
2026-01-20 17:45:21.712958,25.0056000985,12.5870000000,6.0000000000,35.7274553172,-78.6967685062,10.0000000000,-0.0583221112,-0.2960040158,0.9408643195,-4.0677443995,0.0000000000,0.0044576250,172.16.0.1:,210.0000000000,56.9428712147,1260.0000000000,64.0000000000,64.0000000000
2026-01-20 17:45:21.930029,25.0056825011,12.5870000000,6.0000000000,35.7274572081,-78.6967784216,10.0000000000,-0.0540685993,-0.2834893308,0.9874624403,-4.2693747287,0.0000000000,0.0031873554,172.16.0.1:,211.0000000000,57.1587494575,1269.0000000000,64.0000000000,64.0000000000
2026-01-20 17:45:22.064947,25.0054141741,12.5870000000,6.0000000000,35.7274584827,-78.6967851164,10.0000000000,-0.0509601672,-0.2733695825,1.0022204233,-4.3364564694,0.0000000000,0.0022765432,172.16.0.1:,212.0000000000,57.2929129388,1200.0000000000,64.0000000000,64.0000000000
2026-01-20 17:45:23.864012,24.9980000000,12.5870000000,6.0000000000,35.7274761357,-78.6968785063,10.0000000000,-0.0333624728,-0.2175478454,1.1016386558,-4.8857352954,0.0000000000,-0.0028228984,172.16.0.1:,220.0000000000,59.0819327914,1382.0000000000,64.0000000000,64.0000000000
2026-01-20 17:45:24.026321,24.9980000000,12.5870000000,6.0000000000,35.7274777889,-78.6968874203,10.0000000000,-0.0331686487,-0.2162816849,1.1048801131,-4.8970803960,0.0000000000,-0.0028909357,172.16.0.1:,221.0000000000,59.2440056565,1341.0000000000,64.0000000000,64.0000000000
2026-01-20 17:45:24.108193,24.9980000000,12.5870000000,6.0000000000,35.7274786227,-78.6968919167,10.0000000000,-0.0330708795,-0.2156430060,1.1065151748,-4.9028031119,0.0000000000,-0.0029252553,172.16.0.1:,222.0000000000,59.3257587416,1219.0000000000,64.0000000000,64.0000000000
2026-01-20 17:45:24.357991,24.9980000000,12.5870000000,6.0000000000,35.7274811670,-78.6969056356,10.0000000000,-0.0327725787,-0.2136943496,1.1115038684,-4.9202635395,0.0000000000,-0.0030299666,172.16.0.1:,223.0000000000,59.5751934208,1265.0000000000,64.0000000000,64.0000000000
2026-01-20 17:45:24.936910,24.9983052648,12.5870000000,6.0000000000,35.7274872400,-78.6969383258,10.0000000000,-0.0320119877,-0.2088746170,1.1184736760,-4.9438947041,0.0000000000,-0.0032394142,172.16.0.1:,225.0000000000,60.1526323976,1432.0000000000,64.0000000000,64.0000000000
2026-01-20 17:45:25.149092,24.9987272467,12.5870000000,6.0000000000,35.7274896453,-78.6969512174,10.0000000000,-0.0316628599,-0.2067996865,1.1163637664,-4.9354550657,0.0000000000,-0.0032824273,172.16.0.1:,226.0000000000,60.3636233578,1439.0000000000,64.0000000000,64.0000000000
2026-01-20 17:45:28.040653,25.0024821545,12.5870000000,6.0000000000,35.7275197349,-78.6971119700,10.0000000000,-0.0311524153,-0.2005000908,1.1024107723,-4.8500000000,0.0000000000,-0.0031751617,172.16.0.1:,240.0000000000,63.2410772298,1479.0000000000,64.0000000000,64.0000000000
2026-01-20 17:45:28.355985,25.0031086270,12.5870000000,6.0000000000,35.7275228986,-78.6971288221,10.0000000000,-0.0314817367,-0.2016091741,1.1055431350,-4.8500000000,0.0000000000,-0.0032709369,172.16.0.1:,242.0000000000,63.5543135041,1384.0000000000,64.0000000000,64.0000000000
2026-01-20 17:45:28.633394,25.0036597580,12.5870000000,6.0000000000,35.7275256818,-78.6971436475,10.0000000000,-0.0317714529,-0.2025848756,1.1082987898,-4.8500000000,0.0000000000,-0.0033551939,172.16.0.1:,243.0000000000,63.8298789818,1460.0000000000,64.0000000000,64.0000000000
2026-01-20 17:45:29.231872,25.0040000000,12.5870000000,6.0000000000,35.7275317007,-78.6971757937,10.0000000000,-0.0317268467,-0.2025704947,1.1100000000,-4.8500000000,0.0000000000,-0.0032421222,172.16.0.1:,246.0000000000,64.4258091546,1439.0000000000,64.0000000000,64.0000000000
2026-01-20 17:45:30.987992,25.0040897534,12.5870000000,6.0000000000,35.7275493322,-78.6972696087,10.0000000000,-0.0321940493,-0.2061060623,1.1100000000,-4.8691024661,0.0000000000,-0.0025223345,172.16.0.1:,254.0000000000,66.0897533873,1574.0000000000,64.0000000000,64.0000000000
2026-01-20 17:45:31.521142,25.0043655398,12.5870000000,6.0000000000,35.7275546549,-78.6972979044,10.0000000000,-0.0319426935,-0.2058375082,1.1100000000,-4.8663446025,0.0000000000,-0.0026411661,172.16.0.1:,257.0000000000,66.3655397515,1496.0000000000,64.0000000000,64.0000000000
2026-01-20 17:45:32.230314,25.0047323783,12.5870000000,6.0000000000,35.7275617349,-78.6973355420,10.0000000000,-0.0316083515,-0.2054802896,1.1100000000,-4.8626762169,0.0000000000,-0.0027992306,172.16.0.1:,260.0000000000,66.7323783076,1593.0000000000,64.0000000000,64.0000000000
2026-01-20 17:45:33.141871,25.0038248911,12.5870000000,6.0000000000,35.7275708954,-78.6973841911,10.0000000000,-0.0314270036,-0.2039397453,1.1100000000,-4.8600000000,0.0000000000,-0.0024558831,172.16.0.1:,265.0000000000,67.3917029567,1488.0000000000,64.0000000000,64.0000000000
2026-01-20 17:45:33.367977,25.0031508551,12.5870000000,6.0000000000,35.7275731871,-78.6973963462,10.0000000000,-0.0314628914,-0.2032055784,1.1100000000,-4.8600000000,0.0000000000,-0.0021927976,172.16.0.1:,266.0000000000,67.6163816250,1510.0000000000,64.0000000000,64.0000000000
2026-01-20 17:45:33.659342,25.0022822771,12.5870000000,6.0000000000,35.7275761403,-78.6974120096,10.0000000000,-0.0315091372,-0.2022595142,1.1100000000,-4.8600000000,0.0000000000,-0.0018537797,172.16.0.1:,267.0000000000,67.9059076387,1598.0000000000,64.0000000000,64.0000000000
2026-01-20 17:45:34.010092,25.0017444937,12.5870000000,6.0000000000,35.7275796806,-78.6974308207,10.0000000000,-0.0316719817,-0.2025836776,1.1100000000,-4.8600000000,0.0000000000,-0.0020547608,172.16.0.1:,268.0000000000,68.2555062771,1748.0000000000,64.0000000000,64.0000000000
2026-01-20 17:45:34.537999,25.0012177280,12.5870000000,6.0000000000,35.7275850009,-78.6974591080,10.0000000000,-0.0319767256,-0.2038858651,1.1100000000,-4.8600000000,0.0000000000,-0.0026962605,172.16.0.1:,271.0000000000,68.7822719616,1665.0000000000,64.0000000000,64.0000000000
2026-01-20 17:45:35.117093,25.0017170295,12.5870000000,6.0000000000,35.7275908927,-78.6974902673,10.0000000000,-0.0314352149,-0.2024458177,1.1100000000,-4.8564148527,0.0000000000,-0.0034421003,172.16.0.1:,274.0000000000,69.3585147257,1627.0000000000,64.0000000000,64.0000000000
2026-01-20 17:45:35.311854,25.0021039831,12.5870000000,6.0000000000,35.7275928855,-78.6975007731,10.0000000000,-0.0310750063,-0.2013782145,1.1100000000,-4.8544800843,0.0000000000,-0.0037015098,172.16.0.1:,275.0000000000,69.5519915690,1621.0000000000,64.0000000000,64.0000000000
2026-01-20 17:45:37.870335,25.0038014741,12.5870000000,6.0000000000,35.7276186926,-78.6976381113,10.0000000000,-0.0293296163,-0.1903629423,1.1000737062,-4.8112874543,0.0000000000,-0.0035465766,172.16.0.1:,292.0000000000,72.0992629377,689.0000000000,64.0000000000,64.0000000000
2026-01-20 17:45:38.946962,25.0013039082,12.5870000000,6.0000000000,35.7276291096,-78.6976930048,10.0000000000,-0.0021739483,-0.0739722790,0.9595333467,-4.2494322399,0.0000000000,-0.0073691798,172.16.0.1:,293.0000000000,73.1740229423,1562.0000000000,64.0000000000,64.0000000000
2026-01-20 17:45:39.596204,24.9987112149,12.5870000000,6.0000000000,35.7276343598,-78.6977213300,10.0000000000,0.0116327651,-0.0006507157,0.7715630777,-3.4651424966,0.0000000000,-0.0079765922,172.16.0.1:,296.0000000000,73.8221962838,1598.0000000000,64.0000000000,64.0000000000
2026-01-20 17:45:39.954063,24.9983586077,12.5870000000,6.0000000000,35.7276367144,-78.6977341205,10.0000000000,0.0190830012,0.0401258345,0.6518645383,-2.9595277684,0.0000000000,-0.0078337816,172.16.0.1:,297.0000000000,74.1793038467,1753.0000000000,64.0000000000,64.0000000000
2026-01-20 17:45:41.207392,25.0000000000,12.5870000000,6.0000000000,35.7276412714,-78.6977590445,10.0000000000,0.0290417169,0.1092651955,0.2569779398,-1.2279984452,0.0000000000,-0.0069966867,172.16.0.1:,302.0000000000,75.2184791058,1990.0000000000,64.0000000000,64.0000000000
2026-01-20 17:45:41.726004,25.0000000000,12.5870000000,6.0000000000,35.7276417188,-78.6977613867,10.0000000000,0.0208426609,0.0786215866,0.1569715690,-0.7437570710,0.0000000000,-0.0076943994,172.16.0.1:,304.0000000000,75.4816537658,2105.0000000000,64.0000000000,64.0000000000
2026-01-20 17:45:43.575205,24.9975202941,12.5870000000,6.0000000000,35.7276425173,-78.6977650908,10.0000000000,-0.0484840493,-0.2108377142,0.1005166669,-0.4264578442,0.0000000000,-0.0018719031,172.16.0.1:,316.0000000000,76.8265686289,1510.0000000000,64.0000000000,64.0000000000
2026-01-20 17:45:43.916026,24.9973322754,12.5870000000,6.0000000000,35.7276431147,-78.6977681231,10.0000000000,-0.0623411918,-0.2721818411,0.2263598565,-0.9753442088,0.0000000000,0.0003785861,172.16.0.1:,317.0000000000,77.1661376835,1641.0000000000,64.0000000000,64.0000000000
2026-01-20 17:45:44.272331,24.9980406026,12.5870000000,6.0000000000,35.7276444251,-78.6977749938,10.0000000000,-0.0680954219,-0.3004772348,0.4317747674,-1.8607533079,0.0000000000,0.0019570818,172.16.0.1:,318.0000000000,77.5203013232,1795.0000000000,64.0000000000,64.0000000000
2026-01-20 17:45:46.027443,25.0018365528,12.5870000000,6.0000000000,35.7276573043,-78.6978420435,10.0000000000,-0.0410990053,-0.2313658295,1.0708172361,-4.5903120347,0.0000000000,-0.0064451607,172.16.0.1:,326.0000000000,79.2704309026,1913.0000000000,64.0000000000,64.0000000000
2026-01-20 17:45:46.396945,24.9988903858,12.5870000000,6.0000000000,35.7276609870,-78.6978613041,10.0000000000,-0.0379476994,-0.2238910608,1.0855480712,-4.6860624631,0.0000000000,-0.0069164070,172.16.0.1:,328.0000000000,79.6387017810,1876.0000000000,64.0000000000,64.0000000000
2026-01-20 17:45:46.582142,24.9974137455,12.5870000000,6.0000000000,35.7276628328,-78.6978709576,10.0000000000,-0.0363682420,-0.2201446525,1.0929312726,-4.7340532716,0.0000000000,-0.0071525990,172.16.0.1:,329.0000000000,79.8232818140,1857.0000000000,64.0000000000,64.0000000000
2026-01-20 17:45:46.723403,24.9962874222,12.5870000000,6.0000000000,35.7276642407,-78.6978783210,10.0000000000,-0.0351634938,-0.2172870392,1.0985628892,-4.7706587796,0.0000000000,-0.0073327571,172.16.0.1:,330.0000000000,79.9640722291,1794.0000000000,64.0000000000,64.0000000000
2026-01-20 17:45:47.323903,24.9948775456,12.5870000000,6.0000000000,35.7276703806,-78.6979107869,10.0000000000,-0.0342480334,-0.2139184059,1.1056122719,-4.8529595342,0.0000000000,-0.0081409917,172.16.0.1:,333.0000000000,80.5612271858,1778.0000000000,64.0000000000,64.0000000000
2026-01-20 17:45:48.267533,24.9949989729,12.5870000000,6.0000000000,35.7276800447,-78.6979623216,10.0000000000,-0.0330438657,-0.2078780814,1.1100000000,-4.9149948645,0.0000000000,-0.0083772155,172.16.0.1:,336.0000000000,81.4994864498,2113.0000000000,64.0000000000,64.0000000000
2026-01-20 17:45:48.394872,24.9952522062,12.5870000000,6.0000000000,35.7276813489,-78.6979693235,10.0000000000,-0.0328591175,-0.2068699855,1.1100000000,-4.9162610311,0.0000000000,-0.0082860290,172.16.0.1:,337.0000000000,81.6261031148,2038.0000000000,64.0000000000,64.0000000000
2026-01-20 17:45:50.209106,24.9980000000,12.5870000000,6.0000000000,35.7276998920,-78.6980686684,10.0000000000,-0.0325624182,-0.2009233268,1.1056388216,-4.8769164648,0.0000000000,-0.0084007519,172.16.0.1:,351.0000000000,83.4361178413,988.0000000000,64.0000000000,64.0000000000
2026-01-20 17:45:50.733682,24.9980000000,12.5870000000,6.0000000000,35.7277052840,-78.6980971987,10.0000000000,-0.0324789847,-0.2010215990,1.1004039140,-4.8612117420,0.0000000000,-0.0088135383,172.16.0.1:,352.0000000000,83.9596085989,1308.0000000000,64.0000000000,64.0000000000
2026-01-20 17:45:51.031857,24.9982561010,12.5870000000,6.0000000000,35.7277082866,-78.6981131782,10.0000000000,-0.0325713400,-0.2018952609,1.1000000000,-4.8625610098,0.0000000000,-0.0086217592,172.16.0.1:,353.0000000000,84.2561009831,1403.0000000000,64.0000000000,64.0000000000
2026-01-20 17:45:51.396180,24.9986181637,12.5870000000,6.0000000000,35.7277119435,-78.6981326572,10.0000000000,-0.0327110084,-0.2031196804,1.1000000000,-4.8661816367,0.0000000000,-0.0083056042,172.16.0.1:,355.0000000000,84.6181636717,1351.0000000000,64.0000000000,64.0000000000
2026-01-20 17:45:51.663798,24.9988841213,12.5870000000,6.0000000000,35.7277146296,-78.6981469657,10.0000000000,-0.0328136036,-0.2040190930,1.1000000000,-4.8688412133,0.0000000000,-0.0080733686,172.16.0.1:,356.0000000000,84.8841213269,1417.0000000000,64.0000000000,64.0000000000
2026-01-20 17:45:52.000243,24.9994369109,12.5870000000,6.0000000000,35.7277180064,-78.6981650403,10.0000000000,-0.0328833643,-0.2038736018,1.1000000000,-4.8678154456,0.0000000000,-0.0080012774,172.16.0.1:,357.0000000000,85.2184554387,1551.0000000000,64.0000000000,64.0000000000
2026-01-20 17:45:53.530742,25.0010000000,12.5870000000,6.0000000000,35.7277333812,-78.6982469329,10.0000000000,-0.0335401775,-0.2029957344,1.1073344983,-4.8600000000,0.0000000000,-0.0083728661,172.16.0.1:,364.0000000000,86.7334498287,1669.0000000000,64.0000000000,64.0000000000
2026-01-20 17:45:54.718179,25.0010000000,12.5870000000,6.0000000000,35.7277456371,-78.6983120774,10.0000000000,-0.0339198617,-0.2044355741,1.1047598145,-4.8600000000,0.0000000000,-0.0078774180,172.16.0.1:,370.0000000000,87.5240185468,1628.0000000000,64.0000000000,64.0000000000
2026-01-20 17:45:55.079078,25.0010000000,12.5870000000,6.0000000000,35.7277493904,-78.6983320604,10.0000000000,-0.0339881673,-0.2048528078,1.1026975885,-4.8600000000,0.0000000000,-0.0076441811,172.16.0.1:,371.0000000000,87.7302411473,1786.0000000000,64.0000000000,64.0000000000
2026-01-20 17:45:55.302786,25.0010000000,12.5870000000,6.0000000000,35.7277517169,-78.6983444471,10.0000000000,-0.0340305076,-0.2051114360,1.1014192890,-4.8600000000,0.0000000000,-0.0074996060,172.16.0.1:,372.0000000000,87.8580710998,1805.0000000000,64.0000000000,64.0000000000
2026-01-20 17:45:55.559961,25.0010000000,12.5870000000,6.0000000000,35.7277543896,-78.6983586776,10.0000000000,-0.0340702137,-0.2053622832,1.1000734740,-4.8599265260,0.0000000000,-0.0073535504,172.16.0.1:,373.0000000000,88.0073474047,1862.0000000000,64.0000000000,64.0000000000
2026-01-20 17:45:55.929068,25.0010000000,12.5870000000,6.0000000000,35.7277581524,-78.6983787250,10.0000000000,-0.0337636125,-0.2038382614,1.1031576898,-4.8568423102,0.0000000000,-0.0079607650,172.16.0.1:,375.0000000000,88.3157689833,1819.0000000000,64.0000000000,64.0000000000
2026-01-20 17:45:56.202718,25.0010000000,12.5870000000,6.0000000000,35.7277609420,-78.6983935878,10.0000000000,-0.0335363035,-0.2027083763,1.1054442775,-4.8545557225,0.0000000000,-0.0084109440,172.16.0.1:,376.0000000000,88.5444277547,1874.0000000000,64.0000000000,64.0000000000
2026-01-20 17:45:57.452782,25.0010000000,12.5870000000,6.0000000000,35.7277736436,-78.6984608092,10.0000000000,-0.0336678832,-0.2030527293,1.1100000000,-4.8570035744,0.0000000000,-0.0089948986,172.16.0.1:,388.0000000000,89.7003574368,696.0000000000,64.0000000000,64.0000000000
2026-01-20 17:45:59.925056,25.0010000000,12.5870000000,6.0000000000,35.7277986969,-78.6985938171,10.0000000000,-0.0336210831,-0.2032116362,1.1016636741,-4.8500000000,0.0000000000,-0.0080720816,172.16.0.1:,402.0000000000,92.1663674125,300.0000000000,64.0000000000,64.0000000000
2026-01-20 17:46:01.970124,25.0005979171,12.5870000000,6.0000000000,35.7278191898,-78.6987026722,10.0000000000,-0.0241953926,-0.1642559046,1.0597917105,-4.6611251840,0.0000000000,-0.0090440791,172.16.0.1:,403.0000000000,94.2010414476,2141.0000000000,64.0000000000,64.0000000000
2026-01-20 17:46:02.229034,25.0000822325,12.5870000000,6.0000000000,35.7278216135,-78.6987155901,10.0000000000,-0.0151233932,-0.1240840065,1.0082232547,-4.4445376699,0.0000000000,-0.0104516188,172.16.0.1:,404.0000000000,94.4588837263,2199.0000000000,64.0000000000,64.0000000000
2026-01-20 17:46:03.274064,24.9984991460,12.5870000000,6.0000000000,35.7278301559,-78.6987613819,10.0000000000,0.0135965765,0.0120809969,0.7347181709,-3.2988214419,0.0000000000,-0.0131420662,172.16.0.1:,408.0000000000,95.5008540276,2425.0000000000,64.0000000000,64.0000000000
2026-01-20 17:46:05.458165,25.0023469040,12.5870000000,6.0000000000,35.7278376714,-78.6988025591,10.0000000000,0.0209595537,0.0821289241,0.0353096013,-0.2434860861,0.0000000000,-0.0132938294,172.16.0.1:,417.0000000000,97.6734519936,2773.0000000000,64.0000000000,64.0000000000
2026-01-20 17:46:07.989991,24.9972473133,12.5870000000,6.0000000000,35.7278398398,-78.6988129041,10.0000000000,-0.0703307047,-0.2923660738,0.4814249727,-2.0500278731,0.0000000000,-0.0036287394,172.16.0.1:,436.0000000000,100.0618283175,1413.0000000000,64.0000000000,64.0000000000
2026-01-20 17:46:10.601790,24.9950273977,12.5870000000,6.0000000000,35.7278628883,-78.6989312771,10.0000000000,-0.0374499826,-0.2146843917,1.1355968668,-4.8091780679,0.0000000000,-0.0125224061,172.16.0.1:,442.0000000000,101.8532288948,2793.0000000000,64.0000000000,64.0000000000
2026-01-20 17:46:11.221866,24.9940000000,12.5870000000,6.0000000000,35.7278693812,-78.6989648050,10.0000000000,-0.0361178466,-0.2124170376,1.1400000000,-4.8728949333,0.0000000000,-0.0128687118,172.16.0.1:,444.0000000000,102.4699276192,3008.0000000000,64.0000000000,64.0000000000
2026-01-20 17:46:12.313969,24.9951153067,12.5870000000,6.0000000000,35.7278808554,-78.6990244709,10.0000000000,-0.0349214816,-0.2072510718,1.1400000000,-4.9211530666,0.0000000000,-0.0130953359,172.16.0.1:,448.0000000000,103.5576533296,3280.0000000000,64.0000000000,64.0000000000
2026-01-20 17:46:13.295857,24.9970755407,12.5870000000,6.0000000000,35.7278911466,-78.6990783236,10.0000000000,-0.0341430762,-0.2018845144,1.1346222967,-4.9084891867,0.0000000000,-0.0133517340,172.16.0.1:,452.0000000000,104.5377703333,3447.0000000000,64.0000000000,64.0000000000
2026-01-20 17:46:15.114250,24.9983468905,12.5870000000,6.0000000000,35.7279099730,-78.6991767321,10.0000000000,-0.0340183018,-0.2001947379,1.1200000000,-4.8530621891,0.0000000000,-0.0131965675,172.16.0.1:,459.0000000000,106.3468905437,3836.0000000000,64.0000000000,64.0000000000
2026-01-20 17:46:15.825814,24.9990539118,12.5870000000,6.0000000000,35.7279172553,-78.6992148897,10.0000000000,-0.0346545323,-0.2010608443,1.1205391181,-4.8410782362,0.0000000000,-0.0131690567,172.16.0.1:,462.0000000000,107.0539118105,3936.0000000000,64.0000000000,64.0000000000
2026-01-20 17:46:16.905964,25.0001275622,12.5870000000,6.0000000000,35.7279283266,-78.6992725011,10.0000000000,-0.0354732949,-0.2038048381,1.1300000000,-4.8600000000,0.0000000000,-0.0126071455,172.16.0.1:,467.0000000000,108.1275622347,3997.0000000000,64.0000000000,64.0000000000
2026-01-20 17:46:18.934918,25.0010000000,12.5870000000,6.0000000000,35.7279492327,-78.6993814877,10.0000000000,-0.0345196373,-0.2018991456,1.1285262569,-4.8570525138,0.0000000000,-0.0134905769,172.16.0.1:,477.0000000000,110.1473743087,3990.0000000000,64.0000000000,64.0000000000
2026-01-20 17:46:20.114851,25.0010000000,12.5870000000,6.0000000000,35.7279616455,-78.6994461492,10.0000000000,-0.0343545198,-0.1997946304,1.1231376250,-4.8431376250,0.0000000000,-0.0131241043,172.16.0.1:,483.0000000000,111.3137625030,3949.0000000000,64.0000000000,64.0000000000
2026-01-20 17:46:20.344842,25.0010000000,12.5870000000,6.0000000000,35.7279642394,-78.6994596464,10.0000000000,-0.0347195563,-0.2013361941,1.1254330670,-4.8454330670,0.0000000000,-0.0130425249,172.16.0.1:,484.0000000000,111.5433066963,3975.0000000000,64.0000000000,64.0000000000
2026-01-20 17:46:26.230121,25.0010000000,12.5870000000,6.0000000000,35.7280253226,-78.6997778424,10.0000000000,-0.0348319336,-0.2003336672,1.1240417198,-4.8340417198,0.0000000000,-0.0135248545,172.16.0.1:,512.0000000000,117.4041719807,4137.0000000000,64.0000000000,64.0000000000
2026-01-20 17:46:27.330008,25.0010000000,12.5870000000,6.0000000000,35.7280365734,-78.6998364618,10.0000000000,-0.0356086140,-0.2030405607,1.1300000000,-4.8499487994,0.0000000000,-0.0128052441,172.16.0.1:,517.0000000000,118.4974399720,4217.0000000000,64.0000000000,64.0000000000
2026-01-20 17:46:27.511125,25.0010000000,12.5870000000,6.0000000000,35.7280384465,-78.6998461877,10.0000000000,-0.0351931879,-0.2022921550,1.1300000000,-4.8535510053,0.0000000000,-0.0125767860,172.16.0.1:,518.0000000000,118.6775502650,4194.0000000000,64.0000000000,64.0000000000
2026-01-20 17:46:30.177129,24.9992213174,12.5870000000,6.0000000000,35.7280629353,-78.6999736069,10.0000000000,0.0123851101,0.0054064752,0.7350777895,-3.2471135416,0.0000000000,-0.0182031327,172.16.0.1:,531.0000000000,120.2213174435,4192.0000000000,64.0000000000,64.0000000000
2026-01-20 17:46:30.905997,24.9995985063,12.5870000000,6.0000000000,35.7280667449,-78.6999938996,10.0000000000,0.0235494730,0.0669000080,0.4710455604,-2.1344062901,0.0000000000,-0.0174618219,172.16.0.1:,533.0000000000,120.5985063423,4512.0000000000,64.0000000000,64.0000000000
2026-01-20 17:46:31.481976,24.9998965752,12.5870000000,6.0000000000,35.7280697554,-78.7000099357,10.0000000000,0.0323719728,0.1154945126,0.2623973533,-1.2551031316,0.0000000000,-0.0168760101,172.16.0.1:,536.0000000000,120.8965752096,4473.0000000000,64.0000000000,64.0000000000
2026-01-20 17:46:33.114126,25.0011517855,12.5870000000,6.0000000000,35.7280715152,-78.7000188942,10.0000000000,0.0086868059,0.0300074801,-0.0427232172,0.1163393031,0.0000000000,-0.0188475057,172.16.0.1:,544.0000000000,122.4241072395,4469.0000000000,64.0000000000,64.0000000000
2026-01-20 17:46:34.542185,24.9966324718,12.5870000000,6.0000000000,35.7280715684,-78.7000189786,10.0000000000,-0.0625368341,-0.2472493026,0.2094022558,-0.9249595870,0.0000000000,-0.0095375388,172.16.0.1:,551.0000000000,123.8418820493,4453.0000000000,64.0000000000,64.0000000000
2026-01-20 17:46:37.594320,24.9948208143,12.5870000000,6.0000000000,35.7280960515,-78.7001427341,10.0000000000,-0.0405929694,-0.2179533573,1.1741370409,-4.7983400207,0.0000000000,-0.0166501133,172.16.0.1:,566.0000000000,126.8827408173,4456.0000000000,64.0000000000,64.0000000000
2026-01-20 17:46:39.231671,24.9940201016,12.5870000000,6.0000000000,35.7281137065,-78.7002321978,10.0000000000,-0.0227999304,-0.1547168796,1.1340954258,-4.7567837363,0.0000000000,-0.0197514265,172.16.0.1:,575.0000000000,128.5100508242,4258.0000000000,64.0000000000,64.0000000000
2026-01-20 17:46:39.709948,24.9949741653,12.5870000000,6.0000000000,35.7281187631,-78.7002581960,10.0000000000,-0.0097768355,-0.1041325605,1.0911625594,-4.6041335446,0.0000000000,-0.0219390776,172.16.0.1:,577.0000000000,128.9870826732,4325.0000000000,64.0000000000,64.0000000000
2026-01-20 17:46:41.271937,24.9951713018,12.5870000000,6.0000000000,35.7281308398,-78.7003205219,10.0000000000,0.0276735937,0.0736997940,0.5637263253,-2.5223357737,0.0000000000,-0.0224514774,172.16.0.1:,584.0000000000,130.5428254597,4443.0000000000,64.0000000000,64.0000000000
2026-01-20 17:46:43.968172,24.9983093444,12.5870000000,6.0000000000,35.7281356230,-78.7003444554,10.0000000000,-0.0424121666,0.0304638031,0.0597136394,0.2199284098,0.0000000000,-0.0254031276,172.16.0.1:,595.0000000000,133.2302185373,4895.0000000000,64.0000000000,64.0000000000
2026-01-20 17:46:45.631307,24.9977683962,12.5870000000,6.0000000000,35.7281491398,-78.7003358454,10.0000000000,-0.3109637171,0.0966206955,2.6528113360,0.8858867964,0.0000000000,-0.0388224278,172.16.0.1:,603.0000000000,134.8841981193,4930.0000000000,64.0000000000,64.0000000000
2026-01-20 17:46:46.705847,25.0027797815,12.5870000000,6.0000000000,35.7281841673,-78.7003219990,10.0000000000,-0.2335457013,0.0643369642,4.3548153373,1.3615016498,0.0000000000,-0.0321955788,172.16.0.1:,610.0000000000,135.9559563090,4565.0000000000,64.0000000000,64.0000000000
2026-01-20 17:46:47.444187,24.9988403515,12.5870000000,6.0000000000,35.7282142629,-78.7003106542,10.0000000000,-0.2200899071,0.0570394018,4.6349151712,1.4215964847,0.0000000000,-0.0308539402,172.16.0.1:,614.0000000000,136.6932747457,4487.0000000000,64.0000000000,64.0000000000
2026-01-20 17:46:47.701793,24.9972967521,12.5870000000,6.0000000000,35.7282248623,-78.7003066666,10.0000000000,-0.2166515431,0.0549691041,4.7146678074,1.4370324789,0.0000000000,-0.0304890514,172.16.0.1:,615.0000000000,136.9505413143,4540.0000000000,64.0000000000,64.0000000000
2026-01-20 17:46:49.246951,24.9934930130,12.5870000000,6.0000000000,35.7282922940,-78.7002820118,10.0000000000,-0.1580391771,0.0359027189,4.7368864873,1.4156288291,0.0000000000,-0.0283072050,172.16.0.1:,622.0000000000,138.4930130099,4654.0000000000,64.0000000000,64.0000000000
2026-01-20 17:46:51.326373,24.9921357401,12.5870000000,6.0000000000,35.7283653560,-78.7002556027,10.0000000000,0.0722789668,-0.0283354127,2.5341227052,0.7387797721,0.0000000000,-0.0278106732,172.16.0.1:,649.0000000000,140.5678700607,1225.0000000000,64.0000000000,64.0000000000
2026-01-20 17:46:56.890812,25.0047591235,12.5870000000,6.0000000000,35.7283697715,-78.7001891817,10.0000000000,0.0584298326,0.2521106347,-1.1284306780,4.4721533900,0.0000000000,-0.0188406112,172.16.0.1:,661.0000000000,146.1204382571,4337.0000000000,64.0000000000,64.0000000000
2026-01-20 17:46:59.608534,24.9963500349,12.5870000000,6.0000000000,35.7283410902,-78.7000448610,10.0000000000,0.0412683063,0.2108359139,-1.2117501743,4.9847494771,0.0000000000,-0.0223314646,172.16.0.1:,674.0000000000,148.8249825684,4375.0000000000,64.0000000000,64.0000000000
2026-01-20 17:47:03.381495,24.9937994464,12.5870000000,6.0000000000,35.7283009942,-78.6998389102,10.0000000000,0.0404130127,0.2028685421,-1.1620055357,4.9079944643,0.0000000000,-0.0228622396,172.16.0.1:,692.0000000000,152.2005535746,4408.0000000000,64.0000000000,64.0000000000
2026-01-20 17:47:04.866645,24.9923218247,12.5870000000,6.0000000000,35.7282854792,-78.6997591429,10.0000000000,0.0409817779,0.2015627792,-1.1700000000,4.9000000000,0.0000000000,-0.0227379268,172.16.0.1:,699.0000000000,153.6781752574,4465.0000000000,64.0000000000,64.0000000000
2026-01-20 17:47:08.479558,24.9920000000,12.5870000000,6.0000000000,35.7282473900,-78.6995627257,10.0000000000,0.0426238890,0.2061965858,-1.1700000000,4.8919518635,0.0000000000,-0.0223045945,172.16.0.1:,738.0000000000,156.7317287832,86.2000000000,64.0000000000,64.0000000000
2026-01-20 17:47:12.343304,24.9950000000,12.5870000000,6.0000000000,35.7282070968,-78.6993553182,10.0000000000,0.0415108257,0.2015800285,-1.1700000000,4.8657722898,0.0000000000,-0.0229094408,172.16.0.1:,739.0000000000,160.5772289763,3750.0000000000,64.0000000000,64.0000000000
2026-01-20 17:47:15.345297,24.9950000000,12.5870000000,6.0000000000,35.7281758869,-78.6991948771,10.0000000000,0.0419729976,0.2016534614,-1.1700000000,4.8900000000,0.0000000000,-0.0225658122,172.16.0.1:,767.0000000000,163.5631533557,988.0000000000,64.0000000000,64.0000000000
2026-01-20 17:47:19.477341,24.9950000000,12.5870000000,6.0000000000,35.7281326054,-78.6989720124,10.0000000000,0.0424171052,0.2033931658,-1.1700000000,4.8800000000,0.0000000000,-0.0222339938,172.16.0.1:,773.0000000000,167.3715861583,3892.0000000000,64.0000000000,64.0000000000
2026-01-20 17:47:20.020276,24.9950000000,12.5870000000,6.0000000000,35.7281266816,-78.6989415004,10.0000000000,0.0422252598,0.2026207987,-1.1700000000,4.8800000000,0.0000000000,-0.0215286714,172.16.0.1:,776.0000000000,167.6692647080,3818.0000000000,64.0000000000,64.0000000000
2026-01-20 17:47:20.740610,24.9950000000,12.5870000000,6.0000000000,35.7281188864,-78.6989013853,10.0000000000,0.0419322029,0.2014458969,-1.1700000000,4.8800000000,0.0000000000,-0.0209340049,172.16.0.1:,780.0000000000,168.1046249857,3719.0000000000,64.0000000000,64.0000000000
2026-01-20 17:47:21.337587,24.9950000000,12.5870000000,6.0000000000,35.7281126995,-78.6988697044,10.0000000000,0.0415248578,0.1998311243,-1.1700000000,4.8800000000,0.0000000000,-0.0218973737,172.16.0.1:,783.0000000000,168.6379725145,3704.0000000000,64.0000000000,64.0000000000
2026-01-20 17:47:25.529698,24.9952318963,12.5870000000,6.0000000000,35.7280691349,-78.6986456992,10.0000000000,0.0421530184,0.2017905400,-1.1700000000,4.8900000000,0.0000000000,-0.0226416495,172.16.0.1:,818.0000000000,172.7681037376,732.0000000000,64.0000000000,64.0000000000
2026-01-20 17:47:30.359384,24.9937451656,12.5870000000,6.0000000000,35.7280290712,-78.6984391559,10.0000000000,-0.0304645410,-0.1058022187,-0.2631284663,1.1917933335,0.0000000000,-0.0272723676,172.16.0.1:,837.0000000000,177.5817218813,1678.0000000000,64.0000000000,64.0000000000
2026-01-20 17:47:31.683615,24.9932049766,12.5870000000,6.0000000000,35.7280277205,-78.6984324922,10.0000000000,-0.0111278780,-0.0371343010,0.0256516373,-0.0644074850,0.0000000000,-0.0283768917,172.16.0.1:,840.0000000000,178.8975116952,2382.0000000000,64.0000000000,64.0000000000
2026-01-20 17:47:32.320392,24.9914012613,12.5870000000,6.0000000000,35.7280279132,-78.6984335191,10.0000000000,0.0163507506,0.0602931997,0.0133543552,-0.0074300341,0.0000000000,-0.0271111065,172.16.0.1:,842.0000000000,179.5329128953,2611.0000000000,64.0000000000,64.0000000000
2026-01-20 17:47:32.394155,24.9911802678,12.5870000000,6.0000000000,35.7280279426,-78.6984336738,10.0000000000,0.0198386687,0.0725850068,0.0096711293,0.0095128054,0.0000000000,-0.0269200848,172.16.0.1:,843.0000000000,179.6065774148,2480.0000000000,64.0000000000,64.0000000000
2026-01-20 17:47:33.239218,24.9904414445,12.5870000000,6.0000000000,35.7280270405,-78.6984284522,10.0000000000,0.0606738232,0.2176949447,-0.2836956065,1.1947824259,-0.0044144453,-0.0209922280,172.16.0.1:,847.0000000000,180.4414445266,2514.0000000000,64.0000000000,64.0000000000
2026-01-20 17:47:33.543049,24.9907387631,12.5870000000,6.0000000000,35.7280263270,-78.6984243789,10.0000000000,0.0756305976,0.2712140689,-0.4680330992,1.9321323970,-0.0073876306,-0.0176868555,172.16.0.1:,849.0000000000,180.7387630633,2402.0000000000,64.0000000000,64.0000000000
2026-01-20 17:47:33.852274,24.9911968266,12.5870000000,6.0000000000,35.7280253107,-78.6984188252,10.0000000000,0.0879115194,0.3160695372,-0.6431217702,2.6276757652,-0.0097813038,-0.0149993783,172.16.0.1:,850.0000000000,181.0218696171,2507.0000000000,64.0000000000,64.0000000000
2026-01-20 17:47:34.043170,24.9920858048,12.5870000000,6.0000000000,35.7280235525,-78.6984099058,10.0000000000,0.0840239039,0.3062742511,-0.7023869874,2.8430060540,-0.0087935502,-0.0159784145,172.16.0.1:,851.0000000000,181.1206449789,2490.0000000000,64.0000000000,64.0000000000
2026-01-20 17:47:35.315225,24.9980095985,12.5870000000,6.0000000000,35.7280118366,-78.6983504704,10.0000000000,0.0581183972,0.2410024026,-1.0973065643,4.2778805171,-0.0022115573,-0.0225023179,172.16.0.1:,858.0000000000,181.7788442739,2318.0000000000,64.0000000000,64.0000000000
2026-01-20 17:47:35.600151,24.9993364613,12.5870000000,6.0000000000,35.7280092123,-78.6983371575,10.0000000000,0.0523158565,0.2263822463,-1.1857640861,4.5992761797,-0.0007372652,-0.0239635986,172.16.0.1:,859.0000000000,181.9262734769,2399.0000000000,64.0000000000,64.0000000000
2026-01-20 17:47:35.972108,24.9993160301,12.5870000000,6.0000000000,35.7280053921,-78.6983181201,10.0000000000,0.0476367088,0.2173700250,-1.2300000000,4.7919185935,0.0000000000,-0.0249494848,172.16.0.1:,861.0000000000,182.2279899533,2368.0000000000,64.0000000000,64.0000000000
2026-01-20 17:47:37.168156,24.9974182537,12.5870000000,6.0000000000,35.7279923410,-78.6982532797,10.0000000000,0.0410580041,0.2101167478,-1.2216349251,4.9209126871,0.0000000000,-0.0261218364,172.16.0.1:,869.0000000000,183.4182537429,1933.0000000000,64.0000000000,64.0000000000
2026-01-20 17:47:37.423066,24.9976726961,12.5870000000,6.0000000000,35.7279895676,-78.6982393363,10.0000000000,0.0407172585,0.2092081523,-1.2165460786,4.9336348035,0.0000000000,-0.0263094794,172.16.0.1:,871.0000000000,183.6726960702,1788.0000000000,64.0000000000,64.0000000000
2026-01-20 17:47:37.549218,24.9977986165,12.5870000000,6.0000000000,35.7279881951,-78.6982324358,10.0000000000,0.0405486277,0.2087584995,-1.2140276708,4.9399308229,0.0000000000,-0.0264023416,172.16.0.1:,872.0000000000,183.7986164577,1712.0000000000,64.0000000000,64.0000000000
2026-01-20 17:47:38.244224,24.9980000000,12.5870000000,6.0000000000,35.7279806583,-78.6981944463,10.0000000000,0.0400889682,0.2049514609,-1.1952979566,4.9401986378,0.0000000000,-0.0264450794,172.16.0.1:,875.0000000000,184.4900681117,1799.0000000000,64.0000000000,64.0000000000
2026-01-20 17:47:38.865100,24.9978929568,12.5870000000,6.0000000000,35.7279739760,-78.6981605983,10.0000000000,0.0400401108,0.2019388045,-1.1800000000,4.9278591355,0.0000000000,-0.0263661504,172.16.0.1:,878.0000000000,185.1070432260,1806.0000000000,64.0000000000,64.0000000000
2026-01-20 17:47:41.557187,24.9960000000,12.5870000000,6.0000000000,35.7279455491,-78.6980155727,10.0000000000,0.0410445270,0.2023210685,-1.1721217689,4.8821217689,0.0000000000,-0.0261801584,172.16.0.1:,890.0000000000,187.7878231060,2064.0000000000,64.0000000000,64.0000000000
2026-01-20 17:47:42.646721,24.9951297766,12.5870000000,6.0000000000,35.7279340756,-78.6979571209,10.0000000000,0.0406524311,0.1997146797,-1.1787022344,4.8800000000,0.0000000000,-0.0259192474,172.16.0.1:,896.0000000000,188.8702234391,1929.0000000000,64.0000000000,64.0000000000
2026-01-20 17:47:42.904230,24.9953800643,12.5870000000,6.0000000000,35.7279313824,-78.6979433349,10.0000000000,0.0409056130,0.1999763502,-1.1800000000,4.8800000000,0.0000000000,-0.0259949056,172.16.0.1:,898.0000000000,189.1266881047,1771.0000000000,64.0000000000,64.0000000000
2026-01-20 17:47:43.103528,24.9959772144,12.5870000000,6.0000000000,35.7279293123,-78.6979327056,10.0000000000,0.0414444261,0.2012487853,-1.1800000000,4.8800000000,0.0000000000,-0.0261404743,172.16.0.1:,899.0000000000,189.3257381459,1766.0000000000,64.0000000000,64.0000000000
2026-01-20 17:47:45.889226,24.9977856455,12.5870000000,6.0000000000,35.7278999532,-78.6977832017,10.0000000000,0.0419834840,0.2031464570,-1.1889282273,4.8900000000,0.0000000000,-0.0249885421,172.16.0.1:,912.0000000000,192.1071772720,1912.0000000000,64.0000000000,64.0000000000
2026-01-20 17:47:48.047851,24.9965245359,12.5870000000,6.0000000000,35.7278771200,-78.6976669900,10.0000000000,0.0419295295,0.2010519962,-1.1800000000,4.8700000000,0.0000000000,-0.0265891238,172.16.0.1:,923.0000000000,194.2622679327,1822.0000000000,64.0000000000,64.0000000000
2026-01-20 17:47:48.867702,24.9980000000,12.5870000000,6.0000000000,35.7278684483,-78.6976229683,10.0000000000,0.0421777807,0.2011407640,-1.1800000000,4.8700000000,0.0000000000,-0.0264540873,172.16.0.1:,928.0000000000,195.0811179246,1614.0000000000,64.0000000000,64.0000000000
2026-01-20 17:47:49.099799,24.9980000000,12.5870000000,6.0000000000,35.7278660144,-78.6976105905,10.0000000000,0.0424399438,0.2022366530,-1.1800000000,4.8700000000,0.0000000000,-0.0263948106,172.16.0.1:,929.0000000000,195.3129120215,1643.0000000000,64.0000000000,64.0000000000
2026-01-20 17:47:49.974731,24.9978152749,12.5870000000,6.0000000000,35.7278568419,-78.6975639618,10.0000000000,0.0431029323,0.2050411357,-1.1818472509,4.8736945018,0.0000000000,-0.0261643992,172.16.0.1:,932.0000000000,196.1847250908,1900.0000000000,64.0000000000,64.0000000000
2026-01-20 17:47:50.216861,24.9975760215,12.5870000000,6.0000000000,35.7278543058,-78.6975510900,10.0000000000,0.0429551265,0.2044661122,-1.1842397846,4.8784795692,0.0000000000,-0.0260935493,172.16.0.1:,934.0000000000,196.4239784580,1729.0000000000,64.0000000000,64.0000000000
2026-01-20 17:47:50.466606,24.9973292434,12.5870000000,6.0000000000,35.7278516900,-78.6975378133,10.0000000000,0.0428026719,0.2038730036,-1.1867075659,4.8834151317,0.0000000000,-0.0260204712,172.16.0.1:,935.0000000000,196.6707565867,1777.0000000000,64.0000000000,64.0000000000
2026-01-20 17:47:51.137790,24.9971897191,12.5870000000,6.0000000000,35.7278445764,-78.6975016783,10.0000000000,0.0425057537,0.2028410459,-1.1881028089,4.8862056178,0.0000000000,-0.0260822510,172.16.0.1:,938.0000000000,197.1897191091,1840.0000000000,64.0000000000,64.0000000000
2026-01-20 17:47:51.978117,24.9976614192,12.5870000000,6.0000000000,35.7278355669,-78.6974558762,10.0000000000,0.0422732383,0.2022427125,-1.1833858079,4.8767716158,0.0000000000,-0.0264782660,172.16.0.1:,942.0000000000,197.6614192124,1862.0000000000,64.0000000000,64.0000000000
2026-01-20 17:47:53.249037,24.9980000000,12.5870000000,6.0000000000,35.7278220623,-78.6973872803,10.0000000000,0.0417487942,0.2006546102,-1.1800000000,4.8633606531,0.0000000000,-0.0264819726,172.16.0.1:,948.0000000000,198.6639346891,1919.0000000000,64.0000000000,64.0000000000
2026-01-20 17:47:53.430621,24.9980000000,12.5870000000,6.0000000000,35.7278201485,-78.6973775668,10.0000000000,0.0416515639,0.2003395372,-1.1800000000,4.8615551705,0.0000000000,-0.0264056812,172.16.0.1:,949.0000000000,198.8444829479,1897.0000000000,64.0000000000,64.0000000000
2026-01-20 17:47:54.657123,24.9978820513,12.5870000000,6.0000000000,35.7278071569,-78.6973118021,10.0000000000,0.0425042173,0.2033167546,-1.1800000000,4.8705897437,0.0000000000,-0.0255108681,172.16.0.1:,957.0000000000,200.0589743681,1479.0000000000,64.0000000000,64.0000000000
2026-01-20 17:47:54.916712,24.9974318771,12.5870000000,6.0000000000,35.7278043208,-78.6972973064,10.0000000000,0.0425968061,0.2034440612,-1.1800000000,4.8728406143,0.0000000000,-0.0254583390,172.16.0.1:,958.0000000000,200.2840614267,1538.0000000000,64.0000000000,64.0000000000
2026-01-20 17:47:55.173760,24.9969861092,12.5870000000,6.0000000000,35.7278015125,-78.6972829527,10.0000000000,0.0426884886,0.2035701218,-1.1800000000,4.8750694538,0.0000000000,-0.0254063239,172.16.0.1:,959.0000000000,200.5069453817,1595.0000000000,64.0000000000,64.0000000000
2026-01-20 17:47:57.000773,24.9972516156,12.5870000000,6.0000000000,35.7277820077,-78.6971838128,10.0000000000,0.0425347173,0.2022493062,-1.1874838444,4.8849676888,0.0000000000,-0.0263311012,172.16.0.1:,967.0000000000,202.2516155605,1793.0000000000,64.0000000000,64.0000000000
2026-01-20 17:47:57.142043,24.9973927016,12.5870000000,6.0000000000,35.7277804981,-78.6971761941,10.0000000000,0.0423144655,0.2018568717,-1.1860729838,4.8821459675,0.0000000000,-0.0263284257,172.16.0.1:,968.0000000000,202.3927016242,1733.0000000000,64.0000000000,64.0000000000
2026-01-20 17:47:57.377045,24.9976273982,12.5870000000,6.0000000000,35.7277779868,-78.6971635205,10.0000000000,0.0419480769,0.2012040574,-1.1837260184,4.8774520368,0.0000000000,-0.0263239750,172.16.0.1:,969.0000000000,202.6273981576,1760.0000000000,64.0000000000,64.0000000000
2026-01-20 17:47:58.006519,24.9980000000,12.5870000000,6.0000000000,35.7277713133,-78.6971296851,10.0000000000,0.0419411650,0.2009286368,-1.1800000000,4.8700000000,0.0000000000,-0.0262151183,172.16.0.1:,972.0000000000,203.2558750272,1773.0000000000,64.0000000000,64.0000000000
2026-01-20 17:47:59.043635,24.9980000000,12.5870000000,6.0000000000,35.7277604296,-78.6970742164,10.0000000000,0.0435301756,0.2029060359,-1.1800000000,4.8700000000,0.0000000000,-0.0259996464,172.16.0.1:,978.0000000000,204.2896575811,1598.0000000000,64.0000000000,64.0000000000
2026-01-20 17:47:59.556544,24.9980000000,12.5870000000,6.0000000000,35.7277550272,-78.6970467965,10.0000000000,0.0433850298,0.2024913942,-1.1800000000,4.8700000000,0.0000000000,-0.0261413804,172.16.0.1:,981.0000000000,204.7993216184,1499.0000000000,64.0000000000,64.0000000000
2026-01-20 17:48:00.119616,24.9980000000,12.5870000000,6.0000000000,35.7277490937,-78.6970167887,10.0000000000,0.0429101135,0.2030515323,-1.1835908892,4.8771817784,0.0000000000,-0.0261876450,172.16.0.1:,984.0000000000,205.3590889189,1442.0000000000,64.0000000000,64.0000000000
2026-01-20 17:48:01.359697,24.9968106659,12.5870000000,6.0000000000,35.7277359965,-78.6969502690,10.0000000000,0.0416644843,0.2011783153,-1.1840533294,4.8840533294,0.0000000000,-0.0255304680,172.16.0.1:,990.0000000000,206.5946670593,1466.0000000000,64.0000000000,64.0000000000
2026-01-20 17:48:01.594451,24.9963418554,12.5870000000,6.0000000000,35.7277335118,-78.6969375643,10.0000000000,0.0414673986,0.1999309902,-1.1817092772,4.8817092772,0.0000000000,-0.0252781363,172.16.0.1:,991.0000000000,206.8290722823,1497.0000000000,64.0000000000,64.0000000000
2026-01-20 17:48:02.062127,24.9965891763,12.5870000000,6.0000000000,35.7277286068,-78.6969125101,10.0000000000,0.0421243642,0.2002993659,-1.1800000000,4.8770541187,0.0000000000,-0.0252183894,172.16.0.1:,994.0000000000,207.2945881278,1356.0000000000,64.0000000000,64.0000000000
2026-01-20 17:48:02.735639,24.9979275411,12.5870000000,6.0000000000,35.7277215804,-78.6968766419,10.0000000000,0.0439431781,0.2032022767,-1.1800000000,4.8703622947,0.0000000000,-0.0255006404,172.16.0.1:,998.0000000000,207.9637705286,1214.0000000000,64.0000000000,64.0000000000
2026-01-20 17:48:03.034979,24.9980000000,12.5870000000,6.0000000000,35.7277183929,-78.6968605594,10.0000000000,0.0434381333,0.2023904365,-1.1826234801,4.8700000000,0.0000000000,-0.0259547343,172.16.0.1:,999.0000000000,208.2623480052,1312.0000000000,64.0000000000,64.0000000000
2026-01-20 17:48:03.255646,24.9980000000,12.5870000000,6.0000000000,35.7277160365,-78.6968486894,10.0000000000,0.0429315228,0.2015770231,-1.1848257153,4.8700000000,0.0000000000,-0.0263230883,172.16.0.1:,1000.0000000000,208.4825715347,1325.0000000000,64.0000000000,64.0000000000
2026-01-20 17:48:04.464470,24.9980000000,12.5870000000,6.0000000000,35.7277032609,-78.6967839152,10.0000000000,0.0429548413,0.2031151129,-1.1900000000,4.8700000000,0.0000000000,-0.0265269588,172.16.0.1:,1006.0000000000,209.6894363189,1310.0000000000,64.0000000000,64.0000000000
2026-01-20 17:48:04.972718,24.9981970299,12.5870000000,6.0000000000,35.7276979312,-78.6967567589,10.0000000000,0.0380386051,0.1847441918,-1.1742376090,4.8148316314,0.0000000000,-0.0269990871,172.16.0.1:,1008.0000000000,210.1970298880,1415.0000000000,64.0000000000,64.0000000000
2026-01-20 17:48:05.567734,24.9987913185,12.5870000000,6.0000000000,35.7276916912,-78.6967249645,10.0000000000,0.0215611255,0.1246466843,-1.1266945238,4.6484308332,0.0000000000,-0.0293220489,172.16.0.1:,1011.0000000000,210.7913184529,1397.0000000000,64.0000000000,64.0000000000
2026-01-20 17:48:06.110670,24.9969996980,12.5870000000,6.0000000000,35.7276865662,-78.6966989644,10.0000000000,0.0073534616,0.0678842213,-1.0133187350,4.2032749400,0.0000000000,-0.0306793984,172.16.0.1:,1013.0000000000,211.3333836724,1533.0000000000,64.0000000000,64.0000000000
2026-01-20 17:48:08.116084,24.9940035324,12.5870000000,6.0000000000,35.7276741306,-78.6966354531,10.0000000000,-0.0327606405,-0.1113811558,-0.3095761154,1.3681984903,0.0000000000,-0.0303181657,172.16.0.1:,1030.0000000000,213.3345107906,58.8000000000,64.0000000000,64.0000000000
2026-01-20 17:48:09.590717,24.9935894567,12.5870000000,6.0000000000,35.7276725196,-78.6966278804,10.0000000000,-0.0100857196,-0.0359514445,0.0183865875,-0.0517572158,0.0000000000,-0.0321272375,172.16.0.1:,1032.0000000000,214.8035144315,1129.0000000000,64.0000000000,64.0000000000
2026-01-20 17:48:11.860088,24.9941754159,12.5870000000,6.0000000000,35.7276548477,-78.6966393981,10.0000000000,0.3184205576,-0.1084597662,-3.0024480435,-1.0285940804,-0.0096491683,-0.0485918970,172.16.0.1:,1043.0000000000,217.0350831705,1147.0000000000,64.0000000000,64.0000000000
2026-01-20 17:48:12.116994,24.9948318184,12.5870000000,6.0000000000,35.7276449229,-78.6966435072,10.0000000000,0.3036935978,-0.1016247086,-3.2361273352,-1.0981727459,-0.0083363633,-0.0472356785,172.16.0.1:,1045.0000000000,217.1663636714,991.0000000000,64.0000000000,64.0000000000
2026-01-20 17:48:13.171301,24.9975256046,12.5870000000,6.0000000000,35.7276041929,-78.6966603703,10.0000000000,0.2432561660,-0.0735745654,-4.1951152339,-1.3837140865,-0.0029487908,-0.0416699434,172.16.0.1:,1050.0000000000,217.7051209179,1018.0000000000,64.0000000000,64.0000000000
2026-01-20 17:48:13.410194,24.9981359829,12.5870000000,6.0000000000,35.7275949639,-78.6966641913,10.0000000000,0.2295617997,-0.0672187537,-4.4124099011,-1.4484141840,-0.0017280343,-0.0404088174,172.16.0.1:,1051.0000000000,217.8271965736,1052.0000000000,64.0000000000,64.0000000000
2026-01-20 17:48:13.555979,24.9985084681,12.5870000000,6.0000000000,35.7275893320,-78.6966665230,10.0000000000,0.2212047692,-0.0633400995,-4.5450146601,-1.4878976235,-0.0009830637,-0.0396392113,172.16.0.1:,1052.0000000000,217.9016936293,995.0000000000,64.0000000000,64.0000000000
2026-01-20 17:48:17.277067,24.9940000000,12.5870000000,6.0000000000,35.7274551629,-78.6967199507,10.0000000000,-0.0907455275,0.0414389752,-1.9948476141,-0.5787010188,0.0000000000,-0.0379231145,172.16.0.1:,1070.0000000000,221.5209240392,1042.0000000000,64.0000000000,64.0000000000
2026-01-20 17:48:18.317023,24.9951105182,12.5870000000,6.0000000000,35.7274436903,-78.6967243995,10.0000000000,-0.0941860805,0.0378961465,-0.5681098224,-0.1312119104,0.0000000000,-0.0379091590,172.16.0.1:,1080.0000000000,222.5552590872,31.7000000000,64.0000000000,64.0000000000
2026-01-20 17:48:18.659906,24.9957922757,12.5870000000,6.0000000000,35.7274420882,-78.6967250130,10.0000000000,-0.0692979394,0.0275957425,-0.1863255996,-0.0153131285,0.0000000000,-0.0367553364,172.16.0.1:,1081.0000000000,222.8961378575,175.0000000000,64.0000000000,64.0000000000
2026-01-20 17:48:19.290007,24.9944259897,12.5870000000,6.0000000000,35.7274422296,-78.6967249901,10.0000000000,-0.0318213748,0.0133845065,0.0506741201,0.0567269061,0.0000000000,-0.0360114933,172.16.0.1:,1082.0000000000,223.5246700872,604.0000000000,64.0000000000,64.0000000000
2026-01-20 17:48:19.734465,24.9930950462,12.5870000000,6.0000000000,35.7274427620,-78.6967248127,10.0000000000,-0.0065442554,0.0040216143,0.1527131283,0.0877822564,0.0000000000,-0.0356797863,172.16.0.1:,1083.0000000000,223.9683179489,841.0000000000,64.0000000000,64.0000000000
2026-01-20 17:48:21.443898,24.9936953489,12.5870000000,6.0000000000,35.7274385136,-78.6967024759,10.0000000000,0.1406644293,0.3179746558,-1.0670988452,2.8328721112,0.0000000000,-0.0149230707,172.16.0.1:,1090.0000000000,225.6738372173,1130.0000000000,64.0000000000,64.0000000000
2026-01-20 17:48:21.635978,24.9944622619,12.5870000000,6.0000000000,35.7274370948,-78.6966973760,10.0000000000,0.1437805846,0.3293331139,-1.2569098082,3.2661779459,0.0000000000,-0.0139557418,172.16.0.1:,1091.0000000000,225.8655654628,1114.0000000000,64.0000000000,64.0000000000
2026-01-20 17:48:24.067858,24.9924273783,12.5870000000,6.0000000000,35.7274005900,-78.6965820973,10.0000000000,0.0709579263,0.2003048445,-1.8557262172,4.6657679774,0.0000000000,-0.0332456683,172.16.0.1:,1107.0000000000,228.2863108601,263.0000000000,64.0000000000,64.0000000000
2026-01-20 17:48:25.015821,24.9910000000,12.5870000000,6.0000000000,35.7273847403,-78.6965326614,10.0000000000,0.0670064520,0.1946375659,-1.8677025560,4.7345948881,0.0000000000,-0.0340509141,172.16.0.1:,1108.0000000000,229.2297444027,1006.0000000000,64.0000000000,64.0000000000
2026-01-20 17:48:25.184918,24.9910000000,12.5870000000,6.0000000000,35.7273819065,-78.6965238228,10.0000000000,0.0668279985,0.1942517239,-1.8660157982,4.7379684035,0.0000000000,-0.0340611778,172.16.0.1:,1110.0000000000,229.3984201753,772.0000000000,64.0000000000,64.0000000000
2026-01-20 17:48:25.873985,24.9910857613,12.5870000000,6.0000000000,35.7273703506,-78.6964877718,10.0000000000,0.0659353658,0.1921780012,-1.8582847744,4.7465695487,0.0000000000,-0.0341275226,172.16.0.1:,1113.0000000000,230.0857612817,848.0000000000,64.0000000000,64.0000000000
2026-01-20 17:48:26.483996,24.9916941848,12.5870000000,6.0000000000,35.7273600683,-78.6964556470,10.0000000000,0.0641179200,0.1872287983,-1.8461163030,4.7222326061,0.0000000000,-0.0343385048,172.16.0.1:,1117.0000000000,230.6941848479,643.0000000000,64.0000000000,64.0000000000
2026-01-20 17:48:27.408002,24.9920000000,12.5870000000,6.0000000000,35.7273447218,-78.6964076700,10.0000000000,0.0656159294,0.1877575109,-1.8338313871,4.6976627742,0.0000000000,-0.0340779287,172.16.0.1:,1120.0000000000,231.6168612893,951.0000000000,64.0000000000,64.0000000000
2026-01-20 17:48:28.648131,24.9886439708,12.5870000000,6.0000000000,35.7273257590,-78.6963481870,10.0000000000,0.0256399813,0.0897095669,-1.5727044309,4.0467610774,0.0000000000,-0.0383166890,172.16.0.1:,1127.0000000000,232.5593381936,755.0000000000,64.0000000000,64.0000000000
2026-01-20 17:48:29.655943,24.9813697740,12.5870000000,6.0000000000,35.7273124927,-78.6963064489,10.0000000000,-0.0266305483,-0.0387070285,-1.1748690481,3.0538262723,0.0363803470,-0.0404622400,172.16.0.1:,1132.0000000000,233.3307304270,747.0000000000,64.0000000000,64.0000000000
2026-01-20 17:48:29.942894,24.9773787816,12.5870000000,6.0000000000,35.7273096420,-78.6962974407,10.0000000000,-0.0435215083,-0.0815419738,-1.0066772253,2.6347720698,0.0677381444,-0.0392785695,172.16.0.1:,1133.0000000000,233.6158013131,830.0000000000,64.0000000000,64.0000000000
2026-01-20 17:48:31.493029,24.0794796395,12.5870000000,6.0000000000,35.7273021726,-78.6962736452,10.0000000000,-0.0334152486,-0.0780557825,-0.0921782590,0.2751638739,1.2338689008,-0.0417211803,172.16.0.1:,1140.0000000000,235.1370903151,952.0000000000,64.0000000000,64.0000000000
2026-01-20 17:48:31.908381,23.4118022575,12.5870000000,6.0000000000,35.7273021001,-78.6962735002,10.0000000000,-0.0203748072,-0.0488254299,-0.0450566197,0.1301742144,1.3498606285,-0.0423109318,172.16.0.1:,1143.0000000000,235.4995644639,751.0000000000,64.0000000000,64.0000000000
2026-01-20 17:48:32.118004,23.0748335484,12.5870000000,6.0000000000,35.7273020635,-78.6962734270,10.0000000000,-0.0137934539,-0.0340732240,-0.0212748976,0.0569996848,1.4084002522,-0.0426085723,172.16.0.1:,1144.0000000000,235.6825007881,757.0000000000,64.0000000000,64.0000000000
2026-01-20 17:48:32.462831,22.5205244663,12.5870000000,6.0000000000,35.7273020033,-78.6962733066,10.0000000000,-0.0029672146,-0.0098060399,0.0178457217,-0.0633714514,1.5046971611,-0.0430981870,172.16.0.1:,1145.0000000000,235.9834286285,901.0000000000,64.0000000000,64.0000000000
2026-01-20 17:48:33.067826,21.6111555422,12.5870000000,6.0000000000,35.7273022328,-78.6962742312,10.0000000000,0.0005527533,-0.0006928720,0.0200000000,-0.0700000000,1.4634387042,-0.0431761011,172.16.0.1:,1149.0000000000,236.5820161972,694.0000000000,64.0000000000,64.0000000000
2026-01-20 17:48:34.638087,19.2791873812,12.5870000000,6.0000000000,35.7273029143,-78.6962761573,10.0000000000,0.0046819556,0.0063038458,-0.0028642012,-0.0157036982,1.4414321006,-0.0432357502,172.16.0.1:,1155.0000000000,238.1432100595,1041.0000000000,64.0000000000,64.0000000000
2026-01-20 17:48:35.721890,17.6637606299,12.5870000000,6.0000000000,35.7273030225,-78.6962765225,10.0000000000,0.0031245261,0.0024406511,-0.0200000000,0.0100000000,1.4500000000,-0.0432408322,172.16.0.1:,1161.0000000000,239.2246087976,892.0000000000,64.0000000000,64.0000000000
2026-01-20 17:48:36.634145,16.3016478475,12.5870000000,6.0000000000,35.7273031000,-78.6962766134,10.0000000000,0.0015583422,0.0005692153,-0.0200000000,0.0086558601,1.4500000000,-0.0431116805,172.16.0.1:,1166.0000000000,240.1344139870,772.0000000000,64.0000000000,64.0000000000
2026-01-20 17:48:37.723022,14.6597038978,12.5870000000,6.0000000000,35.7273031000,-78.6962767178,10.0000000000,0.0013246604,-0.0000221948,-0.0182219562,0.0000000000,1.4517780438,-0.0433337975,172.16.0.1:,1171.0000000000,241.1778043780,838.0000000000,64.0000000000,64.0000000000
2026-01-20 17:48:38.214357,13.8941673478,12.5870000000,6.0000000000,35.7273031000,-78.6962767572,10.0000000000,0.0013577790,0.0001450979,-0.0142799554,0.0000000000,1.4557200446,-0.0432289782,172.16.0.1:,1173.0000000000,241.5720044553,917.0000000000,64.0000000000,64.0000000000
2026-01-20 17:48:38.594118,13.3024714616,12.5870000000,6.0000000000,35.7273031000,-78.6962767877,10.0000000000,0.0013833769,0.0002744013,-0.0112331177,0.0000000000,1.4587668823,-0.0431479616,172.16.0.1:,1175.0000000000,241.8766882278,883.0000000000,64.0000000000,64.0000000000
2026-01-20 17:48:40.978994,10.3231983306,12.5870000000,6.0000000000,35.7273031000,-78.6962769223,10.0000000000,0.0012378398,0.0008225315,-0.0100000000,0.0000000000,0.5643154241,-0.0432300893,172.16.0.1:,1186.0000000000,244.2230285992,1026.0000000000,64.0000000000,64.0000000000
2026-01-20 17:48:41.897881,9.9106959264,12.5870000000,6.0000000000,35.7273031000,-78.6962770000,10.0000000000,0.0013431724,0.0009068807,-0.0100000000,0.0014025477,0.4512203817,-0.0431791951,172.16.0.1:,1191.0000000000,245.1402547712,919.0000000000,64.0000000000,64.0000000000
2026-01-20 17:48:42.333927,9.6995298165,12.5870000000,6.0000000000,35.7273031000,-78.6962770000,10.0000000000,0.0013559952,0.0012875851,-0.0100000000,0.0057386075,0.4859088597,-0.0432529258,172.16.0.1:,1193.0000000000,245.5738607464,948.0000000000,64.0000000000,64.0000000000
2026-01-20 17:48:44.235716,8.7456875592,12.5870000000,6.0000000000,35.7273031000,-78.6962771000,10.0000000000,0.0011864915,0.0007838435,-0.0100000000,0.0100000000,0.5053112611,-0.0430039943,172.16.0.1:,1202.0000000000,247.4688738905,1022.0000000000,64.0000000000,64.0000000000
2026-01-20 17:48:45.676720,8.0250428848,12.5870000000,6.0000000000,35.7273031000,-78.6962771000,10.0000000000,0.0009600480,0.0007012464,-0.0100000000,0.0100000000,0.5000000000,-0.0419557422,172.16.0.1:,1212.0000000000,248.9023050104,402.0000000000,64.0000000000,64.0000000000
2026-01-20 17:48:46.339892,7.6935710198,12.5870000000,6.0000000000,35.7273031000,-78.6962771000,10.0000000000,0.0010638766,0.0014207036,-0.0100000000,0.0100000000,0.5000000000,-0.0416460701,172.16.0.1:,1213.0000000000,249.5614890263,859.0000000000,64.0000000000,64.0000000000
2026-01-20 17:48:47.039118,7.3445876242,12.5870000000,6.0000000000,35.7273031000,-78.6962771256,10.0000000000,0.0010710309,0.0019146919,-0.0100000000,0.0125631213,0.4974368787,-0.0417218612,172.16.0.1:,1216.0000000000,250.2563121273,942.0000000000,64.0000000000,64.0000000000
2026-01-20 17:48:47.493885,7.1181978642,12.5870000000,6.0000000000,35.7273031000,-78.6962771708,10.0000000000,0.0008963874,0.0017728070,-0.0100000000,0.0170818790,0.4929181210,-0.0421327193,172.16.0.1:,1218.0000000000,250.7081878958,992.0000000000,64.0000000000,64.0000000000
2026-01-20 17:48:47.871889,6.9303151522,12.5870000000,6.0000000000,35.7273031000,-78.6962772000,10.0000000000,0.0008230885,0.0016637014,-0.0100000000,0.0200000000,0.4900000000,-0.0424949961,172.16.0.1:,1220.0000000000,251.0832032890,953.0000000000,64.0000000000,64.0000000000
2026-01-20 17:48:48.061023,6.8368192963,12.5870000000,6.0000000000,35.7273031000,-78.6962772000,10.0000000000,0.0009116443,0.0016244970,-0.0100000000,0.0200000000,0.4900000000,-0.0427124544,172.16.0.1:,1221.0000000000,251.2698217639,942.0000000000,64.0000000000,64.0000000000
2026-01-20 17:48:48.438068,6.6504322409,12.5870000000,6.0000000000,35.7273031000,-78.6962772000,10.0000000000,0.0010881831,0.0015463419,-0.0100000000,0.0200000000,0.4900000000,-0.0431459646,172.16.0.1:,1223.0000000000,251.6418518146,916.0000000000,64.0000000000,64.0000000000
2026-01-20 17:48:48.863873,6.4396169468,12.5870000000,6.0000000000,35.7273031000,-78.6962772000,10.0000000000,0.0012529890,0.0014342654,-0.0100000000,0.0200000000,0.4900000000,-0.0435647305,172.16.0.1:,1225.0000000000,252.0626408248,938.0000000000,64.0000000000,64.0000000000
2026-01-20 17:48:49.873960,5.9351094512,12.5870000000,6.0000000000,35.7273031000,-78.6962772000,10.0000000000,0.0011809298,0.0009088837,-0.0100000000,0.0200000000,0.4900000000,-0.0435778324,172.16.0.1:,1230.0000000000,253.0697810975,936.0000000000,64.0000000000,64.0000000000
2026-01-20 17:48:50.912169,5.4151101554,12.5870000000,6.0000000000,35.7273031000,-78.6962771945,10.0000000000,0.0012432440,0.0012208715,-0.0100000000,0.0194527433,0.4900000000,-0.0434759370,172.16.0.1:,1235.0000000000,254.0547256676,957.0000000000,64.0000000000,64.0000000000
2026-01-20 17:48:51.126089,5.3046051167,12.5870000000,6.0000000000,35.7273031000,-78.6962771835,10.0000000000,0.0012361179,0.0011550724,-0.0100000000,0.0183509982,0.4900000000,-0.0434941162,172.16.0.1:,1236.0000000000,254.1649001827,969.0000000000,64.0000000000,64.0000000000
2026-01-20 17:48:52.455173,4.6180377248,12.5870000000,6.0000000000,35.7273031000,-78.6962771151,10.0000000000,0.0011918437,0.0007462629,-0.0100000000,0.0115058597,0.4900000000,-0.0436070639,172.16.0.1:,1243.0000000000,254.8494140331,878.0000000000,64.0000000000,64.0000000000
2026-01-20 17:48:53.495112,4.0956409335,12.5870000000,6.0000000000,35.7273031000,-78.6962771000,10.0000000000,0.0012212968,0.0008285188,-0.0100000000,0.0100000000,0.4900000000,-0.0436141288,172.16.0.1:,1247.0000000000,255.7427181330,1098.0000000000,64.0000000000,64.0000000000
2026-01-20 17:48:53.689896,3.9988789608,12.5870000000,6.0000000000,35.7273031000,-78.6962771000,10.0000000000,0.0012315090,0.0008733848,-0.0100000000,0.0100000000,0.4900000000,-0.0436094954,172.16.0.1:,1248.0000000000,255.9362420785,1092.0000000000,64.0000000000,64.0000000000
2026-01-20 17:48:56.018010,2.8410908090,12.5870000000,6.0000000000,35.7273031000,-78.6962771250,10.0000000000,0.0013962324,0.0018985868,-0.0100000000,0.0124981838,0.4900000000,-0.0433606260,172.16.0.1:,1259.0000000000,258.2498183820,864.0000000000,64.0000000000,64.0000000000
2026-01-20 17:48:56.351938,2.6751919067,12.5870000000,6.0000000000,35.7273031000,-78.6962771582,10.0000000000,0.0013310410,0.0017938961,-0.0100000000,0.0158161619,0.4900000000,-0.0432881036,172.16.0.1:,1261.0000000000,258.5816161867,787.0000000000,64.0000000000,64.0000000000
2026-01-20 17:48:57.735095,1.9839193318,12.5870000000,6.0000000000,35.7273031000,-78.6962772000,10.0000000000,0.0012076498,0.0011512295,-0.0100000000,0.0200000000,0.4900000000,-0.0434370833,172.16.0.1:,1268.0000000000,259.9603200562,748.0000000000,64.0000000000,64.0000000000
2026-01-20 17:48:58.998019,1.3547850679,12.5870000000,6.0000000000,35.7273031000,-78.6962772000,10.0000000000,0.0010958737,0.0009648474,-0.0100000000,0.0177957014,0.4900000000,-0.0433998297,172.16.0.1:,1274.0000000000,261.2204298642,781.0000000000,64.0000000000,64.0000000000
2026-01-20 17:49:00.628910,0.5425805959,12.5870000000,6.0000000000,35.7273031000,-78.6962771155,10.0000000000,0.0010255263,0.0003745947,-0.0100000000,0.0100000000,0.4900000000,-0.0433634144,172.16.0.1:,1281.0000000000,262.8448388082,988.0000000000,64.0000000000,64.0000000000
2026-01-20 17:49:02.241708,0.0340256412,12.5870000000,6.0000000000,35.7273031000,-78.6962771000,10.0000000000,0.0005422633,0.0004969040,0.0000000000,0.0000000000,-0.0568376079,-0.0433016823,172.16.0.1:,1289.0000000000,264.4430199340,968.0000000000,64.0000000000,64.0000000000
