time,Altitude,Bandwidth(MBits/sec),BatteryVolts,GPSFix,ID,Interval(sec),Latitude,Longitude,NumberOfSatellites,Pitch,Roll,Transfer(MBytes),VelocityX,VelocityY,VelocityZ,Yaw,num
2026-01-19 15:38:49.721840,-1.5160000000,3.3302876058,48.3690000000,4.0000000000,5.0000000000,,35.7274727000,-78.6962506000,29.0000000000,-0.0309852809,-0.0732199997,407.2002206720,-0.0100000000,0.0000000000,0.0000000000,0.0346478857,24.0000000000
2026-01-19 15:38:50.724920,-1.5270000000,3.5137149475,48.3600000000,4.0000000000,5.0000000000,,35.7274727000,-78.6962506000,29.0000000000,-0.0311926380,-0.0731789023,429.0589453597,-0.0100000000,0.0000000000,0.0000000000,0.0347461179,25.0000000000
2026-01-19 15:38:51.728848,-1.5230000000,4.3238089101,48.3560000000,4.0000000000,5.0000000000,,35.7274727000,-78.6962506000,29.0000000000,-0.0313516706,-0.0735210776,528.4941788100,-0.0100000000,0.0000000000,0.0000000000,0.0349231213,26.0000000000
2026-01-19 15:38:52.732835,-1.5120000000,5.1315724118,48.3620000000,4.0000000000,5.0000000000,,35.7274726000,-78.6962506000,29.0000000000,-0.0313206390,-0.0736582279,626.3498990355,0.0000000000,0.0000000000,0.0000000000,0.0352256559,27.0000000000
2026-01-19 15:38:53.736521,-1.4920000000,7.8262837030,48.3710000000,4.0000000000,5.0000000000,,35.7274726000,-78.6962506000,29.0000000000,-0.0313393958,-0.0737283975,851.9933590513,0.0000000000,0.0000000000,0.0000000000,0.0353286043,28.0000000000
2026-01-19 15:38:54.740199,0.0030000000,7.9598230212,48.3670000000,4.0000000000,5.0000000000,,35.7274727000,-78.6962506000,29.0000000000,-0.0314955153,-0.0736062676,51.7027576168,0.0000000000,0.0000000000,0.0000000000,0.0353428647,29.0000000000
2026-01-19 15:38:55.744048,-0.0020000000,4.0172707602,48.3640000000,4.0000000000,5.0000000000,,35.7274727000,-78.6962506000,29.0000000000,-0.0316593051,-0.0733748227,490.1588450278,0.0000000000,0.0000000000,0.0000000000,0.0351699814,30.0000000000
2026-01-19 15:38:56.748877,-0.0140000000,4.1543605894,48.2000000000,4.0000000000,5.0000000000,,35.7274727000,-78.6962506000,29.0000000000,-0.0316972919,-0.0729107261,507.3232707256,0.0000000000,0.0000000000,0.0000000000,0.0353961475,31.0000000000
2026-01-19 15:38:57.751979,-0.0190000000,4.2432675579,48.2470000000,4.0000000000,5.0000000000,,35.7274726000,-78.6962506000,29.0000000000,-0.0317405090,-0.0732476115,518.2238766194,0.0000000000,0.0000000000,0.0000000000,0.0352374911,32.0000000000
2026-01-19 15:38:58.755483,-0.0210000000,5.5752067524,46.1380000000,4.0000000000,5.0000000000,,35.7274726000,-78.6962505000,29.0000000000,-0.0303074159,-0.0687798560,680.4456720671,0.0000000000,0.0200000000,0.0000000000,0.0358587280,33.0000000000
2026-01-19 15:38:59.758570,0.2970000000,7.5582392222,46.0780000000,4.0000000000,5.0000000000,,35.7274719000,-78.6962497000,29.0000000000,-0.0210308880,0.0157697182,922.3517331685,-0.1500000000,0.1900000000,-1.0100000000,0.0156014310,34.0000000000
2026-01-19 15:39:00.762210,2.2360000000,4.7114443711,46.0820000000,4.0000000000,5.0000000000,,35.7274712000,-78.6962463000,29.0000000000,-0.0248510856,-0.0512252338,575.3156731841,-0.0300000000,0.2600000000,-2.3700000000,0.0052404925,35.0000000000
2026-01-19 15:39:01.765079,4.9440000000,2.0880129826,46.2590000000,4.0000000000,5.0000000000,,35.7274710000,-78.6962450000,29.0000000000,-0.0282528661,-0.0570251979,254.8969165594,0.0400000000,0.0200000000,-2.4800000000,-0.0872697607,36.0000000000
2026-01-19 15:39:02.768713,7.3870000000,3.0001042147,46.0290000000,4.0000000000,5.0000000000,,35.7274714000,-78.6962455000,29.0000000000,-0.0256558210,-0.0527022295,366.6125057664,0.0700000000,-0.1000000000,-2.2800000000,-0.0939333886,37.0000000000
2026-01-19 15:39:03.771489,9.8470000000,3.0148672191,45.9980000000,4.0000000000,5.0000000000,,35.7274719000,-78.6962469000,29.0000000000,-0.0269404575,-0.0480866544,368.6006901660,0.0800000000,-0.2000000000,-2.4000000000,-0.0929864720,38.0000000000
2026-01-19 15:39:04.774785,12.3570000000,4.0605317212,46.0890000000,4.0000000000,5.0000000000,,35.7274728000,-78.6962484000,29.0000000000,-0.0111286892,-0.0469660200,495.6854740750,0.0600000000,-0.1500000000,-2.4600000000,-0.0937791318,39.0000000000
2026-01-19 15:39:05.778088,14.8420000000,4.3518691257,45.9360000000,4.0000000000,5.0000000000,,35.7274729000,-78.6962496000,29.0000000000,-0.0178886261,-0.0432312153,530.9747073215,-0.0500000000,-0.1000000000,-2.3600000000,-0.0880758688,40.0000000000
2026-01-19 15:39:06.781494,17.2730000000,1.3504327226,45.9060000000,4.0000000000,5.0000000000,,35.7274724000,-78.6962505000,29.0000000000,-0.0228837710,-0.0343198739,164.1032169276,-0.0300000000,-0.0600000000,-2.4600000000,-0.0899631158,41.0000000000
2026-01-19 15:39:07.784893,19.7720000000,0.5025962627,46.0160000000,4.0000000000,5.0000000000,,35.7274719000,-78.6962508000,29.0000000000,-0.0300473198,-0.0407039933,61.4119102100,-0.0400000000,0.0000000000,-2.4700000000,-0.0860230327,42.0000000000
2026-01-19 15:39:08.787561,21.9470000000,3.3996929137,46.1180000000,4.0000000000,5.0000000000,,35.7274716000,-78.6962509000,29.0000000000,-0.0325644575,-0.0335189253,415.2722592675,0.0000000000,-0.0300000000,-1.8500000000,-0.0816325918,43.0000000000
2026-01-19 15:39:09.790553,23.5000000000,3.2983827492,46.1830000000,4.0000000000,5.0000000000,,35.7274715000,-78.6962512000,29.0000000000,-0.0281255804,-0.0205827355,402.3587856731,0.0000000000,-0.0300000000,-1.3200000000,-0.0788338929,44.0000000000
2026-01-19 15:39:10.795116,24.6280000000,1.7999430702,46.3560000000,4.0000000000,5.0000000000,,35.7274717000,-78.6962511000,29.0000000000,-0.0393729210,-0.0242138021,220.3668618714,0.0800000000,0.0400000000,-0.7500000000,-0.0751095489,45.0000000000
2026-01-19 15:39:11.798040,25.0450000000,0.3658310997,46.1840000000,4.0000000000,5.0000000000,,35.7274733000,-78.6962503000,29.0000000000,-0.0123846335,-0.0403841101,44.6410637101,0.2300000000,0.0200000000,-0.0200000000,-0.0767038092,46.0000000000
2026-01-19 15:39:12.800981,24.9220000000,2.3738879842,45.9130000000,4.0000000000,5.0000000000,,35.7274748000,-78.6962501000,29.0000000000,0.0014432659,-0.0307024606,289.6974202964,0.0900000000,-0.0200000000,0.0800000000,-0.0807662457,47.0000000000
2026-01-19 15:39:13.804551,24.9310000000,3.0111745420,46.0160000000,4.0000000000,5.0000000000,,35.7274747000,-78.6962503000,29.0000000000,-0.0069609685,-0.0329583511,367.4757020579,-0.1300000000,-0.0400000000,-0.1200000000,-0.0787671134,48.0000000000
2026-01-19 15:39:14.808265,24.9570000000,3.4205389761,45.9980000000,4.0000000000,5.0000000000,,35.7274732000,-78.6962506000,29.0000000000,-0.0240604766,-0.0253244117,416.9547637437,-0.1700000000,-0.0200000000,-0.0500000000,-0.0780708939,49.0000000000
2026-01-19 15:39:15.811439,24.9320000000,3.2602953899,45.7530000000,4.0000000000,5.0000000000,,35.7274720000,-78.6962525000,29.0000000000,-0.0377501510,-0.3082606792,397.4278896234,-0.1200000000,-0.8100000000,0.0700000000,-0.0796880051,50.0000000000
2026-01-19 15:39:16.815225,24.9270000000,5.3626212969,45.6980000000,4.0000000000,5.0000000000,,35.7274705000,-78.6962767000,29.0000000000,-0.0254383758,-0.3229105771,654.6338091950,-0.2300000000,-3.4700000000,-0.0100000000,-0.0796831101,51.0000000000
2026-01-19 15:39:17.818741,25.0990000000,4.7104733521,46.1460000000,4.0000000000,5.0000000000,,35.7274684000,-78.6963252000,29.0000000000,-0.0195328854,-0.1204025298,574.7544581654,-0.2400000000,-4.9100000000,-0.1100000000,-0.0836441964,52.0000000000
2026-01-19 15:39:18.822338,25.1290000000,7.4597688559,46.3020000000,4.0000000000,5.0000000000,,35.7274653000,-78.6963800000,29.0000000000,-0.0120679755,-0.0900894254,910.6645231636,-0.4500000000,-5.0300000000,0.1400000000,-0.0854247659,53.0000000000
2026-01-19 15:39:19.825992,24.9630000000,4.5220687420,46.1390000000,4.0000000000,5.0000000000,,35.7274609000,-78.6964363000,29.0000000000,-0.0381556153,-0.0778405964,552.6972906895,-0.4300000000,-5.1200000000,0.0800000000,-0.0850448832,54.0000000000
2026-01-19 15:39:20.829725,24.8940000000,0.0000000000,46.0320000000,4.0000000000,5.0000000000,,35.7274574000,-78.6964928000,29.0000000000,-0.0429405123,-0.0710936785,0.0000000000,-0.3100000000,-5.1700000000,-0.0700000000,-0.0840153545,55.0000000000
2026-01-19 15:39:21.833451,24.9370000000,0.0000000000,46.1790000000,4.0000000000,5.0000000000,,35.7274545000,-78.6965493000,29.0000000000,-0.0411134809,-0.0778364539,0.0000000000,-0.3000000000,-5.0200000000,-0.0600000000,-0.0786001608,56.0000000000
2026-01-19 15:39:22.837081,24.9150000000,0.0000000000,46.0260000000,4.0000000000,5.0000000000,,35.7274523000,-78.6966039000,29.0000000000,-0.0376035497,-0.0865550786,0.0000000000,-0.2000000000,-4.9000000000,0.0200000000,-0.0780779272,57.0000000000
2026-01-19 15:39:23.840151,24.9930000000,0.0000000000,46.3580000000,4.0000000000,5.0000000000,,35.7274503000,-78.6966563000,29.0000000000,-0.0178952925,0.0299561769,0.0000000000,-0.2800000000,-4.3900000000,-0.1900000000,-0.0754046068,58.0000000000
2026-01-19 15:39:24.843123,24.9670000000,0.0000000000,46.2960000000,4.0000000000,5.0000000000,,35.7274475000,-78.6966976000,29.0000000000,-0.0337384418,0.1007319689,0.0000000000,-0.2800000000,-3.0600000000,-0.0500000000,-0.0741051137,59.0000000000
2026-01-19 15:39:25.847046,24.8840000000,0.0000000000,45.9870000000,4.0000000000,5.0000000000,,35.7274453000,-78.6967217000,29.0000000000,-0.0339323021,0.1565897316,0.0000000000,-0.1300000000,-1.2700000000,0.0700000000,-0.0859893188,60.0000000000
2026-01-19 15:39:26.850858,24.8350000000,0.0000000000,45.8820000000,4.0000000000,5.0000000000,,35.7274451000,-78.6967275000,29.0000000000,-0.0408071727,0.0274910908,0.0000000000,0.1400000000,-0.0400000000,-0.1600000000,-0.0830626413,61.0000000000
2026-01-19 15:39:27.870704,24.9410000000,0.0000000000,46.0060000000,4.0000000000,5.0000000000,,35.7274466000,-78.6967266000,29.0000000000,-0.0273418576,-0.0323950313,0.0000000000,0.1800000000,0.1200000000,-0.1100000000,-0.0764446110,62.0000000000
2026-01-19 15:39:28.874248,24.9500000000,0.0000000000,45.7570000000,4.0000000000,5.0000000000,,35.7274484000,-78.6967269000,29.0000000000,-0.0944072753,-0.3067251146,0.0000000000,0.2700000000,-0.6300000000,0.0400000000,-0.0694259778,63.0000000000
2026-01-19 15:39:29.877705,24.9070000000,0.5492529161,45.5840000000,4.0000000000,5.0000000000,,35.7274529000,-78.6967489000,29.0000000000,-0.1032164320,-0.3182769120,67.2112121010,0.7100000000,-3.2700000000,-0.0600000000,-0.0659744740,64.0000000000
2026-01-19 15:39:30.881125,25.0070000000,3.8899977702,45.7240000000,4.0000000000,5.0000000000,,35.7274604000,-78.6967954000,29.0000000000,-0.0632603541,-0.1410658658,210.8899877837,0.9300000000,-4.6500000000,-0.0500000000,-0.0711196810,65.0000000000
2026-01-19 15:39:31.884138,25.1090000000,8.1281307802,45.8710000000,4.0000000000,5.0000000000,,35.7274687000,-78.6968478000,29.0000000000,-0.0690162331,-0.1132615954,180.6441934746,0.9700000000,-4.7700000000,0.0000000000,-0.0633771643,66.0000000000
2026-01-19 15:39:32.887583,25.0520000000,5.8243056296,45.8030000000,4.0000000000,5.0000000000,,35.7274779000,-78.6969005000,29.0000000000,-0.0711797550,-0.1228178293,710.9154679491,1.1100000000,-4.7800000000,0.1400000000,-0.0625367537,67.0000000000
2026-01-19 15:39:33.890706,25.0250000000,5.1846343424,45.7660000000,4.0000000000,5.0000000000,,35.7274883000,-78.6969535000,29.0000000000,-0.0698416233,-0.1310668588,632.8431695002,1.2000000000,-4.8800000000,0.0200000000,-0.0668820664,68.0000000000
2026-01-19 15:39:34.894051,25.0140000000,4.5057317409,45.8550000000,4.0000000000,5.0000000000,,35.7274995000,-78.6970081000,29.0000000000,-0.0588935241,-0.1266268641,549.7005461112,1.3100000000,-5.0200000000,-0.0200000000,-0.0661111623,69.0000000000
2026-01-19 15:39:35.897502,24.9480000000,5.5628559360,45.8080000000,4.0000000000,5.0000000000,,35.7275113000,-78.6970639000,29.0000000000,-0.0345075130,-0.1199568957,679.0498521600,1.2400000000,-5.0800000000,0.0000000000,-0.0706418827,70.0000000000
2026-01-19 15:39:36.900385,24.9170000000,6.5589616654,45.8010000000,4.0000000000,5.0000000000,,35.7275219000,-78.6971195000,29.0000000000,-0.0464311913,-0.1080908626,801.3238954482,1.1000000000,-5.0700000000,-0.0700000000,-0.0692683682,71.0000000000
2026-01-19 15:39:37.903724,24.9390000000,5.2601456944,45.8250000000,4.0000000000,5.0000000000,,35.7275310000,-78.6971752000,29.0000000000,-0.0693335906,-0.0933241695,642.8174833233,0.9800000000,-4.9800000000,-0.0500000000,-0.0654154867,72.0000000000
2026-01-19 15:39:38.906977,24.9420000000,4.5437480051,45.8690000000,4.0000000000,5.0000000000,,35.7275403000,-78.6972293000,29.0000000000,-0.0676363111,-0.1049973667,554.9534445603,1.0800000000,-4.8400000000,-0.0300000000,-0.0656036437,73.0000000000
2026-01-19 15:39:39.909995,24.9160000000,2.8486479529,45.7890000000,4.0000000000,5.0000000000,,35.7275505000,-78.6972826000,29.0000000000,-0.0716910586,-0.1094791293,347.6429621172,1.0900000000,-4.7500000000,0.0200000000,-0.0667745546,74.0000000000
2026-01-19 15:39:40.914606,24.9050000000,4.9184134384,45.8750000000,4.0000000000,5.0000000000,,35.7275609000,-78.6973351000,29.0000000000,-0.0678788200,-0.1220907122,600.6021406001,1.1200000000,-4.7900000000,-0.1100000000,-0.0660318434,75.0000000000
2026-01-19 15:39:41.918345,24.9360000000,6.3761967207,45.8360000000,4.0000000000,5.0000000000,,35.7275712000,-78.6973887000,29.0000000000,-0.0759357587,-0.1195259541,778.4097007929,1.1200000000,-4.8500000000,-0.0300000000,-0.0648274869,76.0000000000
2026-01-19 15:39:42.921670,24.9750000000,5.1573681931,45.8090000000,4.0000000000,5.0000000000,,35.7275819000,-78.6974424000,29.0000000000,-0.0647468567,-0.1238651723,629.0275821039,1.2700000000,-4.8600000000,0.0200000000,-0.0701140761,77.0000000000
2026-01-19 15:39:43.925153,24.9580000000,4.5697833591,45.9630000000,4.0000000000,5.0000000000,,35.7275928000,-78.6974973000,29.0000000000,-0.0585846677,-0.1119797528,556.8771651229,1.2000000000,-4.9400000000,-0.1000000000,-0.0685014725,78.0000000000
2026-01-19 15:39:44.928119,24.9150000000,6.9474573543,45.8180000000,4.0000000000,5.0000000000,,35.7276058000,-78.6975651000,29.0000000000,-0.0571550094,-0.1182053387,547.5398665832,1.1000000000,-4.8900000000,-0.0600000000,-0.0691081360,79.0000000000
2026-01-19 15:39:45.931677,24.9570000000,8.6210060671,45.8520000000,4.0000000000,5.0000000000,,35.7276153000,-78.6976197000,29.0000000000,-0.0674581379,-0.1066559404,1.0206918010,1.0700000000,-4.9300000000,-0.0600000000,-0.0667089522,80.0000000000
2026-01-19 15:39:46.934921,24.9460000000,8.2068117659,45.9700000000,4.0000000000,5.0000000000,,35.7276252000,-78.6976743000,29.0000000000,-0.0406849533,-0.0301734768,223.8980600145,1.1000000000,-4.7500000000,-0.1000000000,-0.0724478513,81.0000000000
2026-01-19 15:39:47.938502,24.9790000000,7.0014310943,45.9960000000,4.0000000000,5.0000000000,,35.7276341000,-78.6977217000,29.0000000000,-0.0137832090,0.0644696057,521.5978705564,0.8600000000,-3.6100000000,-0.0500000000,-0.0665514469,82.0000000000
2026-01-19 15:39:48.942158,24.8490000000,9.1365216927,45.7960000000,4.0000000000,5.0000000000,,35.7276404000,-78.6977534000,29.0000000000,0.0112924548,0.1201357692,1.0891826031,0.4900000000,-2.0500000000,-0.0300000000,-0.0633360595,83.0000000000
2026-01-19 15:39:49.945972,24.8680000000,9.5548196975,45.7570000000,4.0000000000,5.0000000000,,35.7276433000,-78.6977660000,29.0000000000,-0.0025361879,0.0688251853,1.1378908516,0.1100000000,-0.3900000000,-0.1200000000,-0.0686500967,84.0000000000
2026-01-19 15:39:50.949969,24.9150000000,10.1941665508,45.6450000000,4.0000000000,5.0000000000,,35.7276439000,-78.6977662000,29.0000000000,-0.0225492883,-0.0265453458,1.2125555401,0.0000000000,0.1700000000,0.0000000000,-0.0690755397,85.0000000000
2026-01-19 15:39:51.953589,24.9510000000,11.3525397096,45.5340000000,4.0000000000,5.0000000000,,35.7276439000,-78.6977644000,29.0000000000,-0.0691533014,-0.1710141301,1.3543047652,0.0300000000,0.0100000000,0.0000000000,-0.0614550523,86.0000000000
2026-01-19 15:39:52.956859,24.9070000000,13.2396253099,45.2860000000,4.0000000000,5.0000000000,,35.7276463000,-78.6977768000,29.0000000000,-0.1052046269,-0.3188588619,1.5807550372,0.5200000000,-2.4400000000,-0.0500000000,-0.0651865900,87.0000000000
2026-01-19 15:39:53.959765,25.0190000000,12.6087462213,45.5920000000,4.0000000000,5.0000000000,,35.7276529000,-78.6978171000,29.0000000000,-0.0808992311,-0.1816212088,1.5044023159,0.9000000000,-4.5700000000,-0.1700000000,-0.0666065142,88.0000000000
2026-01-19 15:39:54.962645,25.1410000000,11.4448363218,45.7570000000,4.0000000000,5.0000000000,,35.7276616000,-78.6978697000,29.0000000000,-0.0671112016,-0.0979847461,1.3646866261,1.0500000000,-4.7900000000,0.0300000000,-0.0611549579,89.0000000000
2026-01-19 15:39:55.966082,25.0360000000,11.5869820286,45.7510000000,4.0000000000,5.0000000000,,35.7276710000,-78.6979232000,29.0000000000,-0.0439034663,-0.0896632224,1.3817978803,1.0200000000,-4.8700000000,0.0300000000,-0.0635848120,90.0000000000
2026-01-19 15:39:56.969423,24.9590000000,11.3965539945,45.7220000000,4.0000000000,5.0000000000,,35.7276810000,-78.6979771000,29.0000000000,-0.0626005158,-0.0789354146,236.8027826549,1.1800000000,-4.8800000000,-0.0500000000,-0.0625208840,91.0000000000
2026-01-19 15:39:57.973007,25.0710000000,8.6235653735,45.9520000000,4.0000000000,5.0000000000,,35.7276912000,-78.6980313000,29.0000000000,-0.0680271834,-0.0830075592,469.3646066630,1.0600000000,-4.9200000000,-0.0400000000,-0.0574131012,92.0000000000
2026-01-19 15:39:58.976394,25.0630000000,13.4172872316,46.0620000000,4.0000000000,5.0000000000,,35.7277012000,-78.6980855000,29.0000000000,-0.0767953768,-0.0793582350,1.6047132282,1.1800000000,-4.9100000000,0.0100000000,-0.0568175241,93.0000000000
2026-01-19 15:39:59.979534,24.9790000000,11.3161312982,45.9280000000,4.0000000000,5.0000000000,,35.7277120000,-78.6981400000,29.0000000000,-0.0666330233,-0.0772377700,1.3513095645,1.1900000000,-4.9200000000,0.0100000000,-0.0610194243,94.0000000000
2026-01-19 15:40:00.983194,24.9850000000,11.7619587832,45.9530000000,4.0000000000,5.0000000000,,35.7277229000,-78.6981942000,29.0000000000,-0.0659924671,-0.0743973106,1.4074350540,1.2200000000,-4.8400000000,0.0300000000,-0.0597965755,95.0000000000
2026-01-19 15:40:01.986606,24.9730000000,13.3679688888,45.9180000000,4.0000000000,5.0000000000,,35.7277338000,-78.6982480000,29.0000000000,-0.0595683940,-0.0769507289,1.5952487836,1.2000000000,-4.8400000000,0.0000000000,-0.0606449768,96.0000000000
2026-01-19 15:40:02.989498,24.9680000000,11.2180778029,45.9470000000,4.0000000000,5.0000000000,,35.7277445000,-78.6983013000,29.0000000000,-0.0557938106,-0.0811020732,1.3288761759,1.1200000000,-4.8600000000,-0.0400000000,-0.0608034022,97.0000000000
2026-01-19 15:40:03.992912,24.9700000000,11.9784137293,45.8770000000,4.0000000000,5.0000000000,,35.7277548000,-78.6983549000,29.0000000000,-0.0564420819,-0.0779267401,1.4214096475,1.1300000000,-4.8700000000,0.0000000000,-0.0600375868,98.0000000000
2026-01-19 15:40:04.996844,25.0080000000,11.0769816279,45.8750000000,4.0000000000,5.0000000000,,35.7277655000,-78.6984080000,29.0000000000,-0.0510993339,-0.0891704410,1.3156910475,1.1300000000,-4.8500000000,0.0200000000,-0.0596461557,99.0000000000
2026-01-19 15:40:06.000265,25.0020000000,10.8729597038,45.9280000000,4.0000000000,5.0000000000,,35.7277760000,-78.6984618000,29.0000000000,-0.0399545096,-0.0836877227,1.2930787032,1.1200000000,-4.9100000000,-0.0400000000,-0.0635546297,100.0000000000
2026-01-19 15:40:07.003221,25.0080000000,12.4276009581,45.8840000000,4.0000000000,5.0000000000,,35.7277855000,-78.6985157000,29.0000000000,-0.0674488842,-0.0976194441,1.4797177598,1.0300000000,-4.8600000000,0.0200000000,-0.0571505800,101.0000000000
2026-01-19 15:40:08.006080,25.0000000000,11.0130376570,45.8400000000,4.0000000000,5.0000000000,,35.7277948000,-78.6985699000,29.0000000000,-0.0551547371,-0.0891781151,1.3146044574,1.0600000000,-4.9100000000,0.0700000000,-0.0608671047,102.0000000000
2026-01-19 15:40:09.009421,24.9870000000,14.1000000000,45.6890000000,4.0000000000,5.0000000000,,35.7278040000,-78.6986246000,29.0000000000,-0.0739703476,-0.0814615339,1.6800000000,1.0800000000,-4.9800000000,-0.0100000000,-0.0538291037,103.0000000000
2026-01-19 15:40:10.012247,25.0040000000,14.3257112085,45.6890000000,4.0000000000,5.0000000000,,35.7278142000,-78.6986792000,29.0000000000,-0.0496489853,-0.0812123120,1.7063329743,1.1700000000,-4.9000000000,0.0400000000,-0.0633540526,104.0000000000
2026-01-19 15:40:11.015454,25.0550000000,14.2447205037,46.0990000000,4.0000000000,5.0000000000,,35.7278241000,-78.6987317000,29.0000000000,-0.0113705099,0.0316135027,1.6968840588,0.9900000000,-4.3400000000,-0.1300000000,-0.0615279302,105.0000000000
2026-01-19 15:40:12.019032,24.9160000000,15.1084331779,45.6910000000,4.0000000000,5.0000000000,,35.7278319000,-78.6987730000,29.0000000000,-0.0040738164,0.1102531105,1.8014801402,0.7500000000,-2.9600000000,0.1200000000,-0.0594063029,106.0000000000
2026-01-19 15:40:13.023605,24.8500000000,18.8625981690,45.6670000000,4.0000000000,5.0000000000,,35.7278369000,-78.6987964000,29.0000000000,0.0265637971,0.1245186478,2.2495117803,0.2700000000,-1.2100000000,-0.0600000000,-0.0629668906,107.0000000000
2026-01-19 15:40:14.027409,24.8720000000,20.8956742464,45.3700000000,4.0000000000,5.0000000000,,35.7278378000,-78.6988027000,29.0000000000,-0.0283341482,0.0243600439,2.4895674246,-0.0100000000,-0.0700000000,-0.0400000000,-0.0645372570,108.0000000000
2026-01-19 15:40:15.031205,24.9320000000,18.8290920727,45.3740000000,4.0000000000,5.0000000000,,35.7278378000,-78.6988012000,29.0000000000,-0.0390697420,-0.0448206998,2.2433940751,0.0200000000,0.2200000000,-0.0900000000,-0.0655185133,109.0000000000
2026-01-19 15:40:16.034897,25.0710000000,15.0005898049,45.4740000000,4.0000000000,5.0000000000,,35.7278384000,-78.6988008000,29.0000000000,-0.1214076579,-0.3045206666,1.7960707766,0.2100000000,-0.6200000000,-0.0400000000,-0.0407908484,110.0000000000
2026-01-19 15:40:17.037375,25.0600000000,15.8236272074,45.2330000000,4.0000000000,5.0000000000,,35.7278424000,-78.6988216000,29.0000000000,-0.1028975248,-0.3290076256,1.8924274923,0.6500000000,-3.2000000000,0.0800000000,-0.0567140989,111.0000000000
2026-01-19 15:40:18.041133,25.1880000000,16.0013330630,45.5820000000,4.0000000000,5.0000000000,,35.7278494000,-78.6988683000,29.0000000000,-0.0916525573,-0.1370023489,1.9117801480,0.8800000000,-4.7800000000,0.0000000000,-0.0514526963,112.0000000000
2026-01-19 15:40:19.044103,25.2060000000,13.8000000000,45.7270000000,4.0000000000,5.0000000000,,35.7278580000,-78.6989229000,29.0000000000,-0.0818628818,-0.0810546130,1.6500000000,1.0900000000,-4.9300000000,0.1800000000,-0.0486363284,113.0000000000
2026-01-19 15:40:20.047689,25.0300000000,14.7055528164,45.5750000000,4.0000000000,5.0000000000,,35.7278687000,-78.6989771000,29.0000000000,-0.0765555277,-0.0857882053,1.7570198783,1.2700000000,-4.8800000000,0.0200000000,-0.0516993962,114.0000000000
2026-01-19 15:40:21.051487,25.0610000000,16.5400275044,45.5640000000,4.0000000000,5.0000000000,,35.7278804000,-78.6990301000,29.0000000000,-0.0679956228,-0.1045317799,1.9723108659,1.3200000000,-4.7500000000,0.0300000000,-0.0499117896,115.0000000000
2026-01-19 15:40:22.054669,25.0540000000,17.9278812216,45.5770000000,4.0000000000,5.0000000000,,35.7278921000,-78.6990830000,29.0000000000,-0.0584440231,-0.1165039092,2.1353457466,1.2700000000,-4.8300000000,0.0800000000,-0.0548783876,116.0000000000
2026-01-19 15:40:23.058143,24.9900000000,18.3779305758,45.6150000000,4.0000000000,5.0000000000,,35.7279037000,-78.6991370000,29.0000000000,-0.0546318069,-0.1072876453,2.1893516691,1.2800000000,-4.9100000000,0.0000000000,-0.0542928241,117.0000000000
2026-01-19 15:40:24.061778,25.0110000000,17.9277114880,45.7250000000,4.0000000000,5.0000000000,,35.7279150000,-78.6991919000,29.0000000000,-0.0401122645,-0.1049914956,2.1370281984,1.2400000000,-5.0100000000,-0.0500000000,-0.0553477854,118.0000000000
2026-01-19 15:40:25.065333,24.9870000000,18.3575554917,45.7270000000,4.0000000000,5.0000000000,,35.7279255000,-78.6992474000,29.0000000000,-0.0320238955,-0.0777503699,2.1900481407,1.1000000000,-5.0300000000,-0.0400000000,-0.0593048185,119.0000000000
2026-01-19 15:40:26.068158,24.8490000000,18.4407502336,45.3120000000,4.0000000000,5.0000000000,,35.7279351000,-78.6993028000,29.0000000000,-0.0383993946,-0.0854514092,2.1954333645,0.9800000000,-4.9700000000,0.1200000000,-0.0664611980,120.0000000000
2026-01-19 15:40:27.071815,24.8950000000,18.8843153629,45.5780000000,4.0000000000,5.0000000000,,35.7279438000,-78.6993573000,29.0000000000,-0.0653758794,-0.0704786777,2.2458607666,1.0200000000,-4.8900000000,-0.2300000000,-0.0562098064,121.0000000000
2026-01-19 15:40:28.074718,25.0010000000,19.9877256256,45.6080000000,4.0000000000,5.0000000000,,35.7279532000,-78.6994107000,29.0000000000,-0.0694400668,-0.0679104924,2.3831588438,1.0900000000,-4.8200000000,-0.0800000000,-0.0502180159,122.0000000000
2026-01-19 15:40:29.077791,24.9710000000,20.1883415398,45.5820000000,4.0000000000,5.0000000000,,35.7279633000,-78.6994637000,29.0000000000,-0.0533620082,-0.0769816935,2.4088341540,1.1600000000,-4.8500000000,0.0100000000,-0.0542279743,123.0000000000
2026-01-19 15:40:30.080726,24.9250000000,20.2110709073,45.8480000000,4.0000000000,5.0000000000,,35.7279741000,-78.6995175000,29.0000000000,-0.0511225238,-0.0742447674,2.4111070907,1.2200000000,-4.9400000000,-0.1600000000,-0.0551174916,124.0000000000
2026-01-19 15:40:31.083734,24.8810000000,20.2342981150,45.5030000000,4.0000000000,5.0000000000,,35.7279856000,-78.6995717000,29.0000000000,-0.0457106754,-0.0606675930,2.4134298115,1.3200000000,-4.9200000000,-0.0300000000,-0.0566698164,125.0000000000
2026-01-19 15:40:32.086970,24.8690000000,20.6705389056,45.4200000000,4.0000000000,5.0000000000,,35.7279977000,-78.6996253000,29.0000000000,-0.0306661986,-0.0824781358,2.4660718541,1.2600000000,-4.7800000000,-0.0600000000,-0.0595106222,126.0000000000
2026-01-19 15:40:33.090651,24.9820000000,21.0000000000,45.5280000000,4.0000000000,5.0000000000,,35.7280083000,-78.6996781000,29.0000000000,-0.0383813940,-0.0944710970,2.5054543060,1.0900000000,-4.7300000000,-0.0700000000,-0.0562897176,127.0000000000
2026-01-19 15:40:34.093711,24.9600000000,20.8169510895,45.3970000000,4.0000000000,5.0000000000,,35.7280182000,-78.6997307000,29.0000000000,-0.0323071219,-0.0933695138,2.4771188862,1.1300000000,-4.8000000000,-0.0400000000,-0.0565977171,128.0000000000
2026-01-19 15:40:35.096538,25.0340000000,20.9683603919,45.5210000000,4.0000000000,5.0000000000,,35.7280281000,-78.6997842000,29.0000000000,-0.0325850546,-0.0929102451,2.4960450490,0.9900000000,-4.8800000000,0.0500000000,-0.0573941730,129.0000000000
2026-01-19 15:40:36.099747,25.0710000000,21.0290703580,45.6370000000,4.0000000000,5.0000000000,,35.7280365000,-78.6998391000,29.0000000000,-0.0659144372,-0.0828518569,2.5082704153,0.9200000000,-4.9500000000,0.0600000000,-0.0497604236,130.0000000000
2026-01-19 15:40:37.103117,24.9550000000,20.9269276652,45.5690000000,4.0000000000,5.0000000000,,35.7280453000,-78.6998934000,29.0000000000,-0.0676245540,-0.0868179947,2.4973631617,1.1000000000,-4.8400000000,0.0300000000,-0.0501831397,131.0000000000
2026-01-19 15:40:38.114957,24.9390000000,21.0126717317,45.7250000000,4.0000000000,5.0000000000,,35.7280557000,-78.6999447000,29.0000000000,-0.0155373327,0.0196378231,2.5016895642,1.1600000000,-4.2500000000,-0.1600000000,-0.0533440001,132.0000000000
2026-01-19 15:40:39.118265,24.9870000000,19.9285004146,45.8550000000,4.0000000000,5.0000000000,,35.7280648000,-78.6999851000,29.0000000000,0.0120940572,0.0657830536,2.3683844242,0.8000000000,-2.9800000000,-0.0700000000,-0.0505018160,133.0000000000
2026-01-19 15:40:40.122019,24.8740000000,20.2176466462,45.6270000000,4.0000000000,5.0000000000,,35.7280703000,-78.7000096000,29.0000000000,0.0301500447,0.1228078902,2.4060613308,0.3400000000,-1.3900000000,0.0900000000,-0.0471014678,134.0000000000
2026-01-19 15:40:41.125302,24.7700000000,21.5467649188,45.3350000000,4.0000000000,5.0000000000,,35.7280718000,-78.7000167000,29.0000000000,-0.0224890616,0.0162848253,2.5646764919,0.0600000000,-0.1500000000,-0.0500000000,-0.0568438657,135.0000000000
2026-01-19 15:40:42.128111,24.8330000000,21.6507964993,45.3220000000,4.0000000000,5.0000000000,,35.7280720000,-78.7000166000,29.0000000000,-0.0325331539,-0.0477308370,2.5800000000,-0.0300000000,0.0300000000,-0.1700000000,-0.0513918921,136.0000000000
2026-01-19 15:40:43.131341,24.9030000000,21.2533109060,45.0810000000,4.0000000000,5.0000000000,,35.7280721000,-78.7000179000,29.0000000000,-0.0999240875,-0.3047669232,2.5354256879,0.1500000000,-0.7300000000,-0.0200000000,-0.0414055809,137.0000000000
2026-01-19 15:40:44.134863,24.8250000000,20.1518199442,45.0400000000,4.0000000000,5.0000000000,,35.7280763000,-78.7000405000,29.0000000000,-0.1084205061,-0.3122130036,2.4052062603,0.7900000000,-3.3000000000,-0.1500000000,-0.0433954597,138.0000000000
2026-01-19 15:40:45.138537,24.9990000000,19.8019676377,45.5210000000,4.0000000000,5.0000000000,,35.7280857000,-78.7000873000,29.0000000000,-0.0439168140,-0.1266020685,2.3652213592,1.1500000000,-4.6500000000,-0.2800000000,-0.0544941984,139.0000000000
2026-01-19 15:40:46.141935,25.0030000000,20.2505862132,45.3960000000,4.0000000000,5.0000000000,,35.7280960000,-78.7001396000,29.0000000000,-0.0250325836,-0.0968774706,2.4150586213,1.1300000000,-4.7500000000,0.0700000000,-0.0566261895,140.0000000000
2026-01-19 15:40:47.145501,24.9760000000,20.5037714036,45.5710000000,4.0000000000,5.0000000000,,35.7281056000,-78.7001924000,29.0000000000,-0.0432970934,-0.0960874408,2.4454714254,1.0700000000,-4.7100000000,-0.0700000000,-0.0536533110,141.0000000000
2026-01-19 15:40:48.158962,24.9330000000,19.9156650943,45.5180000000,4.0000000000,5.0000000000,,35.7281158000,-78.7002456000,29.0000000000,-0.0245341621,-0.0459446944,2.3758798113,1.1400000000,-4.7500000000,-0.0400000000,-0.0552212372,142.0000000000
2026-01-19 15:40:49.161993,24.9390000000,19.9362814029,45.5920000000,4.0000000000,5.0000000000,,35.7281253000,-78.7002932000,29.0000000000,0.0130046783,0.0569318309,2.3794055989,0.8600000000,-3.7500000000,-0.1300000000,-0.0549902804,143.0000000000
2026-01-19 15:40:50.165820,24.8450000000,21.1297421880,45.4010000000,4.0000000000,5.0000000000,,35.7281315000,-78.7003270000,29.0000000000,0.0159986168,0.1137209833,2.5182716407,0.5100000000,-2.2500000000,-0.0400000000,-0.0559587292,144.0000000000
2026-01-19 15:40:51.169391,24.8370000000,21.6533297324,45.3650000000,4.0000000000,5.0000000000,,35.7281345000,-78.7003420000,29.0000000000,0.0095600085,0.0779268444,2.5806659465,0.2400000000,-0.5700000000,-0.0900000000,-0.0581150353,145.0000000000
2026-01-19 15:40:52.172199,24.9060000000,21.7000000000,45.3120000000,4.0000000000,5.0000000000,,35.7281355000,-78.7003436000,29.0000000000,-0.0177389942,-0.0230995305,2.5846391480,0.0500000000,0.0600000000,-0.0700000000,-0.0536576547,146.0000000000
2026-01-19 15:40:53.175908,24.9570000000,21.1601852084,45.4260000000,4.0000000000,5.0000000000,,35.7281362000,-78.7003417000,29.0000000000,-0.1584843695,0.0033255555,2.5206203729,0.1800000000,0.1400000000,-0.1000000000,-0.0515605472,147.0000000000
2026-01-19 15:40:54.179465,24.8790000000,19.8305735481,45.0040000000,4.0000000000,5.0000000000,,35.7281480000,-78.7003365000,29.0000000000,-0.3099977970,0.0363719128,2.3667556088,2.5300000000,0.7700000000,0.0500000000,-0.0509505272,148.0000000000
2026-01-19 15:40:55.183039,24.8570000000,20.5221116416,45.2790000000,4.0000000000,5.0000000000,,35.7281819000,-78.7003244000,29.0000000000,-0.1225393787,-0.0032097064,2.4440898048,4.5600000000,1.3100000000,-0.1800000000,-0.0453474298,149.0000000000
2026-01-19 15:40:56.185864,24.9200000000,21.0952565545,45.3400000000,4.0000000000,5.0000000000,,35.7282249000,-78.7003091000,29.0000000000,-0.0591061674,-0.0156179965,2.5085303201,4.8100000000,1.4000000000,-0.0900000000,-0.0463557951,150.0000000000
2026-01-19 15:40:57.188974,24.8860000000,20.7658635805,45.1590000000,4.0000000000,5.0000000000,,35.7282684000,-78.7002936000,29.0000000000,-0.0520599857,-0.0055594407,2.4721151441,4.8500000000,1.4200000000,-0.0500000000,-0.0521148555,151.0000000000
2026-01-19 15:40:58.192631,24.9740000000,21.0668959893,45.4350000000,4.0000000000,5.0000000000,,35.7283115000,-78.7002776000,29.0000000000,0.0100211734,-0.0374983884,2.5122527986,4.5700000000,1.4000000000,-0.1300000000,-0.0528527834,152.0000000000
2026-01-19 15:40:59.196499,24.9580000000,20.4156702493,45.3530000000,4.0000000000,5.0000000000,,35.7283479000,-78.7002631000,29.0000000000,0.0763463229,-0.0621808954,2.4347599588,3.4400000000,1.1500000000,-0.0100000000,-0.0500982478,153.0000000000
2026-01-19 15:41:00.199826,24.9180000000,19.8000000000,45.2070000000,4.0000000000,5.0000000000,,35.7283725000,-78.7002516000,29.0000000000,0.1075516269,-0.0927749276,2.3600000000,2.0300000000,0.8700000000,-0.0300000000,-0.0576774105,154.0000000000
2026-01-19 15:41:01.203433,24.9970000000,18.7787419127,45.2860000000,4.0000000000,5.0000000000,,35.7283831000,-78.7002456000,29.0000000000,0.0611849837,-0.0893336833,2.2408532232,0.4800000000,0.1800000000,-0.0500000000,-0.0471950807,155.0000000000
2026-01-19 15:41:02.207325,25.0470000000,19.4852562862,45.3110000000,4.0000000000,5.0000000000,,35.7283840000,-78.7002454000,29.0000000000,-0.0194314551,-0.0466176383,2.3213757253,-0.0400000000,-0.1200000000,0.0300000000,-0.0409357473,156.0000000000
2026-01-19 15:41:03.210464,25.0030000000,18.3600100402,45.2280000000,4.0000000000,5.0000000000,,35.7283829000,-78.7002475000,29.0000000000,-0.0428032950,0.0056221448,2.1915396200,-0.0300000000,-0.1800000000,0.0200000000,-0.0399213731,157.0000000000
2026-01-19 15:41:04.213406,25.0060000000,18.7199140048,45.1170000000,4.0000000000,5.0000000000,,35.7283815000,-78.7002398000,29.0000000000,0.0574766658,0.2343752235,2.2366184977,-0.3800000000,1.9500000000,0.0400000000,-0.0351230986,158.0000000000
2026-01-19 15:41:05.216257,24.9370000000,19.5619548722,45.1100000000,4.0000000000,5.0000000000,,35.7283749000,-78.7002049000,29.0000000000,0.0470411442,0.1510563642,2.3287942565,-1.0800000000,4.2900000000,-0.0400000000,-0.0373527408,159.0000000000
2026-01-19 15:41:06.219513,24.9450000000,19.8001293824,45.1900000000,4.0000000000,5.0000000000,,35.7283639000,-78.7001531000,29.0000000000,0.0053356821,0.0303981658,2.3575161728,-1.2600000000,4.8500000000,-0.0700000000,-0.0387984924,160.0000000000
2026-01-19 15:41:07.223067,24.9830000000,19.3021106389,45.1670000000,4.0000000000,5.0000000000,,35.7283521000,-78.7000981000,29.0000000000,-0.0071428982,0.0183071420,2.3026012516,-1.3400000000,5.0000000000,-0.0200000000,-0.0391946472,161.0000000000
2026-01-19 15:41:08.226347,25.0190000000,19.0131890013,45.2070000000,4.0000000000,5.0000000000,,35.7283400000,-78.7000423000,29.0000000000,-0.0173810013,0.0100617129,2.2672216001,-1.2800000000,5.0000000000,0.0000000000,-0.0344631895,162.0000000000
2026-01-19 15:41:09.229641,25.0010000000,20.0122786034,45.1650000000,4.0000000000,5.0000000000,,35.7283287000,-78.6999871000,29.0000000000,-0.0237844065,0.0058493782,2.3830991704,-1.1900000000,4.9400000000,0.0000000000,-0.0335507579,163.0000000000
2026-01-19 15:41:10.232617,25.0490000000,18.4717545538,45.1560000000,4.0000000000,5.0000000000,,35.7283183000,-78.6999326000,29.0000000000,-0.0133767091,0.0106470753,2.2013828887,-1.1200000000,4.8800000000,0.0200000000,-0.0361169241,164.0000000000
2026-01-19 15:41:11.236029,25.0450000000,17.3399799093,45.1740000000,4.0000000000,5.0000000000,,35.7283081000,-78.6998790000,29.0000000000,-0.0116194990,0.0138648674,2.0639979909,-1.0900000000,4.8200000000,0.0400000000,-0.0380287506,165.0000000000
2026-01-19 15:41:12.239475,25.0450000000,18.1033965768,45.2130000000,4.0000000000,5.0000000000,,35.7282982000,-78.6998258000,29.0000000000,-0.0064093885,0.0228761826,2.1524075892,-1.0900000000,4.8100000000,0.0300000000,-0.0347062126,166.0000000000
2026-01-19 15:41:13.242514,25.0640000000,19.1670717721,45.2840000000,4.0000000000,5.0000000000,,35.7282882000,-78.6997722000,29.0000000000,-0.0107448259,0.0253288671,2.2849000437,-1.1200000000,4.8500000000,-0.0100000000,-0.0365734436,167.0000000000
2026-01-19 15:41:14.245261,25.0500000000,20.3919370422,45.2130000000,4.0000000000,5.0000000000,,35.7282789000,-78.6997181000,29.0000000000,-0.0025031092,0.0315398946,2.4313773510,-0.9100000000,4.9100000000,0.0700000000,-0.0460591130,168.0000000000
2026-01-19 15:41:15.248263,25.0310000000,21.0224381492,45.1460000000,4.0000000000,5.0000000000,,35.7282696000,-78.6996640000,29.0000000000,0.0433800630,0.0233670399,2.5083657224,-1.3000000000,4.8000000000,0.0400000000,-0.0405272171,169.0000000000
2026-01-19 15:41:16.250994,25.0560000000,20.7310555467,45.2880000000,4.0000000000,5.0000000000,,35.7282568000,-78.6996108000,29.0000000000,-0.0148302782,0.0311882962,2.4708074062,-1.4600000000,4.8100000000,0.0000000000,-0.0345468037,170.0000000000
2026-01-19 15:41:17.254443,25.0100000000,20.1289923205,45.1690000000,4.0000000000,5.0000000000,,35.7282447000,-78.6995570000,29.0000000000,-0.0222187303,0.0334865451,2.3967157707,-1.1800000000,4.9000000000,0.0300000000,-0.0433018357,171.0000000000
2026-01-19 15:41:18.266062,25.0170000000,19.4590268709,45.2190000000,4.0000000000,5.0000000000,,35.7282348000,-78.6995025000,29.0000000000,0.0064138407,0.0254160874,2.3133034548,-1.0700000000,4.9200000000,0.0100000000,-0.0432272181,172.0000000000
2026-01-19 15:41:19.269592,25.0180000000,19.6434443719,45.1890000000,4.0000000000,5.0000000000,,35.7282252000,-78.6994479000,29.0000000000,0.0115188314,0.0239152573,2.3433491960,-1.0700000000,4.8700000000,0.0200000000,-0.0401145965,173.0000000000
2026-01-19 15:41:20.272648,25.0240000000,20.0909671525,45.1470000000,4.0000000000,5.0000000000,,35.7282151000,-78.6993940000,29.0000000000,0.0180747844,0.0280068424,2.3990967152,-1.1800000000,4.8300000000,0.0300000000,-0.0387551151,174.0000000000
2026-01-19 15:41:21.276692,25.0200000000,20.0718799576,45.0080000000,4.0000000000,5.0000000000,,35.7282043000,-78.6993402000,29.0000000000,0.0083005568,0.0279102288,2.3971879958,-1.2100000000,4.8800000000,0.0900000000,-0.0389809832,175.0000000000
2026-01-19 15:41:22.280193,25.0350000000,19.7423545808,45.1190000000,4.0000000000,5.0000000000,,35.7281938000,-78.6992861000,29.0000000000,0.0082357312,0.0193977654,2.3577943226,-1.1700000000,4.8600000000,0.0000000000,-0.0385548882,176.0000000000
2026-01-19 15:41:23.283262,25.0350000000,19.6000000000,45.0130000000,4.0000000000,5.0000000000,,35.7281834000,-78.6992323000,29.0000000000,0.0085125240,0.0224832483,2.3335281029,-1.1300000000,4.8500000000,0.0800000000,-0.0377514958,177.0000000000
2026-01-19 15:41:24.286576,25.0040000000,20.4456337691,45.0210000000,4.0000000000,5.0000000000,,35.7281732000,-78.6991785000,29.0000000000,0.0096945269,0.0191901140,2.4340780023,-1.1400000000,4.8300000000,0.0100000000,-0.0359544642,178.0000000000
2026-01-19 15:41:25.291023,25.0160000000,20.2450705668,45.0600000000,4.0000000000,5.0000000000,,35.7281627000,-78.6991252000,29.0000000000,0.0106261475,0.0255100951,2.4179577623,-1.1800000000,4.8200000000,-0.0100000000,-0.0377995707,179.0000000000
2026-01-19 15:41:26.293765,25.0130000000,19.6369262687,45.0590000000,4.0000000000,5.0000000000,,35.7281523000,-78.6990717000,29.0000000000,0.0094014453,0.0276209209,2.3471157836,-1.1600000000,4.8600000000,0.0000000000,-0.0351659730,180.0000000000
2026-01-19 15:41:27.297349,25.0610000000,18.7064702530,45.1970000000,4.0000000000,5.0000000000,,35.7281418000,-78.6990180000,29.0000000000,0.0055425996,0.0237375274,2.2308087816,-1.1400000000,4.8100000000,0.0000000000,-0.0341763385,181.0000000000
2026-01-19 15:41:28.301546,25.0220000000,19.6309320748,45.0280000000,4.0000000000,5.0000000000,,35.7281317000,-78.6989641000,29.0000000000,0.0076684291,0.0278739482,2.3397118490,-1.0900000000,4.9400000000,0.0900000000,-0.0393761322,182.0000000000
2026-01-19 15:41:29.305534,25.0480000000,20.3669445010,45.1470000000,4.0000000000,5.0000000000,,35.7281216000,-78.6989092000,29.0000000000,0.0271775797,0.0101359598,2.4266944501,-1.1900000000,4.8800000000,-0.0200000000,-0.0346090458,183.0000000000
2026-01-19 15:41:30.308834,25.0290000000,18.7853882672,45.1080000000,4.0000000000,5.0000000000,,35.7281102000,-78.6988558000,29.0000000000,0.0062352000,0.0228129067,2.2349010823,-1.2900000000,4.7900000000,0.0600000000,-0.0362780243,184.0000000000
2026-01-19 15:41:31.312383,25.0020000000,16.0390714279,45.0330000000,4.0000000000,5.0000000000,,35.7280985000,-78.6988026000,29.0000000000,0.0022487240,0.0255554579,1.9100980295,-1.2800000000,4.8100000000,0.0000000000,-0.0397362411,185.0000000000
2026-01-19 15:41:32.316210,25.0170000000,19.4524507066,45.0340000000,4.0000000000,5.0000000000,,35.7280871000,-78.6987490000,29.0000000000,-0.0132635562,0.0323662795,2.3168535214,-1.2100000000,4.8500000000,-0.0200000000,-0.0379274152,186.0000000000
2026-01-19 15:41:33.319138,24.9650000000,20.4070992837,44.8430000000,4.0000000000,5.0000000000,,35.7280767000,-78.6986945000,29.0000000000,-0.0099845799,0.0171152260,2.4302180399,-1.1100000000,4.9800000000,0.0400000000,-0.0386826135,187.0000000000
2026-01-19 15:41:34.322488,24.9420000000,19.9000000000,44.8360000000,4.0000000000,5.0000000000,,35.7280670000,-78.6986394000,29.0000000000,-0.0094531700,-0.0000719242,2.3768641683,-1.0400000000,4.9600000000,-0.0700000000,-0.0404000133,188.0000000000
2026-01-19 15:41:35.325301,25.0240000000,19.7621539840,44.9650000000,4.0000000000,5.0000000000,,35.7280578000,-78.6985855000,29.0000000000,0.0058849929,0.0039146077,2.3593230976,-1.0100000000,4.8300000000,-0.0400000000,-0.0362297632,189.0000000000
2026-01-19 15:41:36.328341,25.0170000000,19.9768864127,44.9060000000,4.0000000000,5.0000000000,,35.7280482000,-78.6985328000,29.0000000000,-0.0006531170,-0.0359038450,2.3776886413,-1.1100000000,4.6900000000,0.0200000000,-0.0361353084,190.0000000000
2026-01-19 15:41:37.331575,25.0260000000,15.0230142339,44.9050000000,4.0000000000,5.0000000000,,35.7280387000,-78.6984857000,29.0000000000,-0.0361384824,-0.1223991662,1.7849345731,-0.9500000000,3.7000000000,0.0000000000,-0.0357442535,191.0000000000
2026-01-19 15:41:38.334914,25.0260000000,16.5036990011,44.9130000000,4.0000000000,5.0000000000,,35.7280314000,-78.6984521000,29.0000000000,-0.0508038476,-0.1637457609,1.9672391247,-0.6100000000,2.3600000000,0.0100000000,-0.0362364873,192.0000000000
2026-01-19 15:41:39.338679,25.0340000000,16.8353998429,44.9580000000,4.0000000000,5.0000000000,,35.7280275000,-78.6984354000,29.0000000000,-0.0554935187,-0.1617012769,2.0054377586,-0.1500000000,0.7500000000,0.0000000000,-0.0385102592,193.0000000000
2026-01-19 15:41:40.342340,25.0470000000,19.1250108614,44.9990000000,4.0000000000,5.0000000000,,35.7280271000,-78.6984329000,29.0000000000,-0.0194496587,-0.0710508078,2.2790013034,0.0800000000,-0.0400000000,0.0000000000,-0.0481363423,194.0000000000
2026-01-19 15:41:41.345964,25.0490000000,20.5129679360,45.0680000000,4.0000000000,5.0000000000,,35.7280279000,-78.6984344000,29.0000000000,0.0040492071,-0.0059682392,2.4483957248,0.1200000000,-0.1000000000,0.0100000000,-0.0461176671,195.0000000000
2026-01-19 15:41:42.349657,25.0370000000,19.6009445705,44.9550000000,4.0000000000,5.0000000000,,35.7280275000,-78.6984265000,29.0000000000,0.0824699476,0.2278236002,2.3386861264,-0.3800000000,1.9500000000,0.1000000000,-0.0323711559,196.0000000000
2026-01-19 15:41:43.353443,25.0030000000,17.4065615287,44.8720000000,4.0000000000,5.0000000000,,35.7280215000,-78.6983922000,29.0000000000,0.0606875382,0.1441112161,2.0747873834,-1.0000000000,4.1700000000,0.0200000000,-0.0346023515,197.0000000000
2026-01-19 15:41:44.356566,25.1040000000,19.2937677889,45.0060000000,4.0000000000,5.0000000000,,35.7280116000,-78.6983420000,29.0000000000,0.0220763832,0.0347902030,2.2998111526,-1.2300000000,4.7200000000,0.0400000000,-0.0348747820,198.0000000000
2026-01-19 15:41:45.365189,25.0860000000,20.3000000000,44.9950000000,4.0000000000,5.0000000000,,35.7280003000,-78.6982888000,29.0000000000,0.0101591060,0.0297946110,2.4200000000,-1.3000000000,4.8700000000,0.0700000000,-0.0362188406,199.0000000000
2026-01-19 15:41:46.368265,25.0720000000,20.3000000000,44.9700000000,4.0000000000,5.0000000000,,35.7279887000,-78.6982341000,29.0000000000,0.0096937576,0.0255464129,2.4200000000,-1.3100000000,4.9800000000,0.0800000000,-0.0364504606,200.0000000000
2026-01-19 15:41:47.371864,25.0220000000,20.3000000000,44.9180000000,4.0000000000,5.0000000000,,35.7279769000,-78.6981787000,29.0000000000,-0.0007585892,0.0205655769,2.4200000000,-1.2800000000,5.0400000000,0.0700000000,-0.0383389518,201.0000000000
2026-01-19 15:41:48.375677,24.9930000000,20.0041577003,44.9610000000,4.0000000000,5.0000000000,,35.7279655000,-78.6981232000,29.0000000000,-0.0030404991,0.0111619812,2.3904157700,-1.2200000000,5.0000000000,-0.0200000000,-0.0363215916,202.0000000000
2026-01-19 15:41:49.379193,24.9790000000,16.5559673294,44.9670000000,4.0000000000,5.0000000000,,35.7279549000,-78.6980684000,29.0000000000,-0.0019730646,0.0112399049,1.9712848958,-1.1300000000,4.9300000000,-0.0100000000,-0.0370904803,203.0000000000
2026-01-19 15:41:50.382861,24.9730000000,18.9845323272,44.9570000000,4.0000000000,5.0000000000,,35.7279448000,-78.6980145000,29.0000000000,0.0040072864,0.0135447877,2.2631309895,-1.1100000000,4.8800000000,-0.0200000000,-0.0364393294,204.0000000000
2026-01-19 15:41:51.386463,25.0060000000,20.3500793109,44.9610000000,4.0000000000,5.0000000000,,35.7279349000,-78.6979606000,29.0000000000,0.0142254727,0.0143445544,2.4250079311,-1.0900000000,4.8800000000,0.0100000000,-0.0384732634,205.0000000000
2026-01-19 15:41:52.389956,25.0100000000,17.4597401184,44.9060000000,4.0000000000,5.0000000000,,35.7279248000,-78.6979068000,29.0000000000,0.0146181351,0.0084952395,2.0756609886,-1.1700000000,4.8500000000,0.0000000000,-0.0363719650,206.0000000000
2026-01-19 15:41:53.393510,25.0070000000,19.3026234409,44.8840000000,4.0000000000,5.0000000000,,35.7279139000,-78.6978534000,29.0000000000,0.0047384417,0.0108004510,2.3008596077,-1.2300000000,4.8400000000,0.0000000000,-0.0369368270,207.0000000000
2026-01-19 15:41:54.396397,25.0220000000,19.5917361922,44.8980000000,4.0000000000,5.0000000000,,35.7279029000,-78.6977998000,29.0000000000,-0.0004779361,0.0147998156,2.3339670240,-1.1900000000,4.8600000000,0.0200000000,-0.0370757543,208.0000000000
2026-01-19 15:41:55.399518,25.0250000000,15.2774764484,44.8740000000,4.0000000000,5.0000000000,,35.7278922000,-78.6977459000,29.0000000000,0.0035618199,0.0100956056,1.8214046161,-1.1700000000,4.8500000000,0.0200000000,-0.0374935009,209.0000000000
2026-01-19 15:41:56.402614,25.0290000000,18.7525222596,44.9030000000,4.0000000000,5.0000000000,,35.7278818000,-78.6976920000,29.0000000000,0.0061275633,0.0077784006,2.2372365278,-1.1500000000,4.8500000000,0.0100000000,-0.0381352752,210.0000000000
2026-01-19 15:41:57.405796,25.0100000000,19.7381657870,44.8770000000,4.0000000000,5.0000000000,,35.7278715000,-78.6976382000,29.0000000000,0.0067443913,0.0091920774,2.3561193418,-1.1400000000,4.8500000000,0.0200000000,-0.0390781611,211.0000000000
2026-01-19 15:41:58.409367,24.9850000000,17.1254658029,44.8890000000,4.0000000000,5.0000000000,,35.7278611000,-78.6975844000,29.0000000000,0.0084799146,0.0054137185,2.0461490641,-1.1500000000,4.8400000000,0.0000000000,-0.0389318019,212.0000000000
2026-01-19 15:41:59.412828,24.9800000000,19.2739046758,44.8840000000,4.0000000000,5.0000000000,,35.7278505000,-78.6975307000,29.0000000000,0.0089381179,0.0071500111,2.2939943272,-1.2000000000,4.8400000000,-0.0200000000,-0.0373174623,213.0000000000
2026-01-19 15:42:00.415852,24.9710000000,20.1000000000,44.8600000000,4.0000000000,5.0000000000,,35.7278397000,-78.6974769000,29.0000000000,0.0051655201,0.0064902436,2.3977974593,-1.2200000000,4.8500000000,0.0000000000,-0.0390940458,214.0000000000
2026-01-19 15:42:01.419543,24.9930000000,19.7082764685,44.8610000000,4.0000000000,5.0000000000,,35.7278288000,-78.6974233000,29.0000000000,0.0010826895,0.0056465566,2.3529931762,-1.2100000000,4.8600000000,-0.0100000000,-0.0381614342,215.0000000000
2026-01-19 15:42:02.422725,25.0030000000,16.4532923983,44.8510000000,4.0000000000,5.0000000000,,35.7278181000,-78.6973696000,29.0000000000,-0.0016004611,0.0049448982,1.9623950878,-1.1800000000,4.8600000000,0.0100000000,-0.0375115462,216.0000000000
2026-01-19 15:42:03.425570,25.0110000000,18.8369408736,44.8530000000,4.0000000000,5.0000000000,,35.7278050000,-78.6973026000,29.0000000000,-0.0005692346,0.0069785025,2.2468539093,-1.1600000000,4.8700000000,0.0000000000,-0.0372413099,217.0000000000
2026-01-19 15:42:04.428973,25.0390000000,20.1757612329,44.8700000000,4.0000000000,5.0000000000,,35.7277947000,-78.6972490000,29.0000000000,0.0030769184,0.0077024326,2.4055054772,-1.1700000000,4.8500000000,0.0100000000,-0.0382617526,218.0000000000
2026-01-19 15:42:05.432323,25.0200000000,20.1407437880,44.8450000000,4.0000000000,5.0000000000,,35.7277843000,-78.6971949000,29.0000000000,0.0016590459,0.0018061306,2.4040743788,-1.1700000000,4.8800000000,0.0500000000,-0.0379428640,219.0000000000
2026-01-19 15:42:06.435368,25.0220000000,12.9862412684,44.8450000000,4.0000000000,5.0000000000,,35.7277736000,-78.6971409000,29.0000000000,0.0020811744,0.0011704229,1.5527433421,-1.1900000000,4.8600000000,0.0000000000,-0.0370979607,220.0000000000
2026-01-19 15:42:07.438861,25.0070000000,13.1267693817,44.8420000000,4.0000000000,5.0000000000,,35.7277631000,-78.6970874000,29.0000000000,0.0006186785,0.0035015307,1.5647897612,-1.2000000000,4.8400000000,0.0000000000,-0.0379020087,221.0000000000
2026-01-19 15:42:08.443267,25.0300000000,18.3624540598,44.8630000000,4.0000000000,5.0000000000,,35.7277525000,-78.6970337000,29.0000000000,-0.0003370950,0.0025616549,2.1931088784,-1.2000000000,4.8500000000,0.0000000000,-0.0371501334,222.0000000000
2026-01-19 15:42:09.446378,24.9950000000,20.0672027343,44.8000000000,4.0000000000,5.0000000000,,35.7277417000,-78.6969800000,29.0000000000,-0.0038107987,0.0036605094,2.3948231696,-1.1800000000,4.8400000000,0.0300000000,-0.0354259238,223.0000000000
2026-01-19 15:42:10.449112,24.9890000000,20.2813012378,44.8120000000,4.0000000000,5.0000000000,,35.7277313000,-78.6969264000,29.0000000000,0.0005698502,0.0058712270,2.4181301238,-1.1500000000,4.8700000000,-0.0100000000,-0.0374386087,224.0000000000
2026-01-19 15:42:11.452075,25.0140000000,20.0552007318,44.8200000000,4.0000000000,5.0000000000,,35.7277209000,-78.6968726000,29.0000000000,0.0035299230,0.0027346443,2.3873600976,-1.1700000000,4.8700000000,0.0000000000,-0.0380603075,225.0000000000
2026-01-19 15:42:12.455678,24.9900000000,14.7545322403,44.7590000000,4.0000000000,5.0000000000,,35.7277103000,-78.6968188000,29.0000000000,0.0023155836,0.0037112720,1.7571007035,-1.2100000000,4.8700000000,0.0000000000,-0.0388566926,226.0000000000
2026-01-19 15:42:13.458876,25.0090000000,9.4612978663,44.7390000000,4.0000000000,5.0000000000,,35.7276994000,-78.6967651000,29.0000000000,-0.0064308564,0.0049626827,1.1263178369,-1.2200000000,4.8700000000,0.0000000000,-0.0371470489,227.0000000000
2026-01-19 15:42:14.462689,25.0170000000,14.2984446880,44.7780000000,4.0000000000,5.0000000000,,35.7276888000,-78.6967119000,29.0000000000,-0.0281132199,-0.0899371505,1.6978246240,-1.1200000000,4.6000000000,0.0000000000,-0.0377561562,228.0000000000
2026-01-19 15:42:15.466422,25.0500000000,15.2508958455,44.7550000000,4.0000000000,5.0000000000,,35.7276801000,-78.6966675000,29.0000000000,-0.0455473065,-0.1526238173,1.8233930564,-0.8000000000,3.3600000000,0.0400000000,-0.0388886072,229.0000000000
2026-01-19 15:42:16.470137,25.0180000000,15.7004252058,44.6390000000,4.0000000000,5.0000000000,,35.7276746000,-78.6966388000,29.0000000000,-0.0566231683,-0.2047925293,1.8700425206,-0.4100000000,1.7700000000,0.0400000000,-0.0351740718,230.0000000000
2026-01-19 15:42:17.473949,25.0230000000,15.0459162111,44.7330000000,4.0000000000,5.0000000000,,35.7276726000,-78.6966286000,29.0000000000,-0.0442998782,-0.1314474642,1.7878342036,-0.0700000000,0.2200000000,-0.0500000000,-0.0395346247,231.0000000000
2026-01-19 15:42:18.477932,25.0800000000,18.4358110429,44.8440000000,4.0000000000,5.0000000000,,35.7276729000,-78.6966290000,29.0000000000,-0.0137911625,-0.0514800735,2.1993484838,0.0700000000,-0.1700000000,0.0200000000,-0.0435048565,232.0000000000
2026-01-19 15:42:19.481047,25.0680000000,19.4379890033,44.8360000000,4.0000000000,5.0000000000,,35.7276735000,-78.6966310000,29.0000000000,0.1406588405,-0.0816498399,2.3137989003,-0.1100000000,-0.1800000000,0.0800000000,-0.0566584058,233.0000000000
2026-01-19 15:42:20.484429,24.9950000000,19.7545067356,44.4980000000,4.0000000000,5.0000000000,,35.7276616000,-78.6966364000,29.0000000000,0.2662000358,-0.1564595848,2.3539342314,-2.6600000000,-0.8700000000,0.1100000000,-0.0733771175,234.0000000000
2026-01-19 15:42:21.487855,25.1620000000,20.0555333349,44.9720000000,4.0000000000,5.0000000000,,35.7276271000,-78.6966500000,29.0000000000,0.1119522005,-0.1114079952,2.3855533335,-4.5800000000,-1.4500000000,-0.0800000000,-0.0438105352,235.0000000000
2026-01-19 15:42:22.490425,25.1380000000,20.2708702765,45.1410000000,4.0000000000,5.0000000000,,35.7275848000,-78.6966671000,29.0000000000,0.0558170639,-0.0744058490,2.4156305415,-4.7100000000,-1.5700000000,0.0900000000,-0.0346408077,236.0000000000
2026-01-19 15:42:23.493503,24.8840000000,19.8713051852,44.8770000000,4.0000000000,5.0000000000,,35.7275417000,-78.6966851000,29.0000000000,0.0569190942,-0.0667033195,2.3685566222,-4.8200000000,-1.6300000000,0.0100000000,-0.0429847464,237.0000000000
2026-01-19 15:42:24.497606,24.9920000000,15.0615999183,45.0940000000,4.0000000000,5.0000000000,,35.7274990000,-78.6967021000,29.0000000000,-0.0765991360,-0.0243892334,1.7913919902,-4.3300000000,-1.3700000000,-0.1200000000,-0.0350210965,238.0000000000
2026-01-19 15:42:25.501108,25.0430000000,9.3173873535,45.0750000000,4.0000000000,5.0000000000,,35.7274654000,-78.6967150000,29.0000000000,-0.1360697299,-0.0015208088,1.1117748959,-2.9900000000,-0.9200000000,0.0100000000,-0.0331213363,239.0000000000
2026-01-19 15:42:26.504737,25.0110000000,7.7234709953,44.9400000000,4.0000000000,5.0000000000,,35.7274459000,-78.6967219000,29.0000000000,-0.1675506532,0.0140787149,806.2392093401,-1.3000000000,-0.3800000000,0.0500000000,-0.0371619910,240.0000000000
2026-01-19 15:42:27.508508,24.9550000000,6.0035077378,44.8470000000,4.0000000000,5.0000000000,,35.7274403000,-78.6967233000,29.0000000000,-0.0890409499,-0.0288940296,732.5823679109,-0.1000000000,-0.0200000000,0.0500000000,-0.0399712324,241.0000000000
2026-01-19 15:42:28.511512,24.9960000000,5.7612456552,44.9190000000,4.0000000000,5.0000000000,,35.7274415000,-78.6967235000,29.0000000000,-0.0273486525,-0.0504001342,703.1245655199,0.2500000000,-0.0600000000,-0.0500000000,-0.0345768370,242.0000000000
2026-01-19 15:42:29.514421,25.0280000000,5.1802741222,44.8390000000,4.0000000000,5.0000000000,,35.7274440000,-78.6967231000,29.0000000000,-0.0045035295,0.2591519654,631.8518240893,0.2400000000,0.6700000000,0.0300000000,-0.0335639417,243.0000000000
2026-01-19 15:42:30.518127,24.9810000000,7.1992902466,44.6850000000,4.0000000000,5.0000000000,,35.7274466000,-78.6967003000,29.0000000000,-0.0289294198,0.2450300306,878.6779251126,0.3300000000,3.4000000000,0.0400000000,-0.0385820270,244.0000000000
2026-01-19 15:42:31.521667,24.9200000000,13.0769525666,44.7240000000,4.0000000000,5.0000000000,,35.7274501000,-78.6966519000,29.0000000000,-0.0184532683,0.0512639023,105.9052703906,0.4000000000,4.8900000000,-0.0800000000,-0.0359284021,245.0000000000
2026-01-19 15:42:32.524815,24.8930000000,17.0882735382,44.7250000000,4.0000000000,5.0000000000,,35.7274536000,-78.6965959000,29.0000000000,-0.0198587142,0.0154925762,2.0310379343,0.4200000000,5.1000000000,-0.0900000000,-0.0342919976,246.0000000000
2026-01-19 15:42:33.527472,24.9040000000,18.7479465423,44.7280000000,4.0000000000,5.0000000000,,35.7274572000,-78.6965389000,29.0000000000,-0.0199136399,0.0089605004,2.2404502697,0.3900000000,5.1500000000,-0.0900000000,-0.0353521481,247.0000000000
2026-01-19 15:42:34.530789,24.9370000000,17.5579268920,44.7370000000,4.0000000000,5.0000000000,,35.7274606000,-78.6964818000,29.0000000000,-0.0196163561,0.0000244509,2.0900040730,0.3800000000,5.1300000000,-0.0700000000,-0.0352001078,248.0000000000
2026-01-19 15:42:35.534377,24.9480000000,13.2677973686,44.7420000000,4.0000000000,5.0000000000,,35.7274641000,-78.6964253000,29.0000000000,-0.0200959835,-0.0032234956,1.5849153433,0.3700000000,5.0500000000,-0.0500000000,-0.0344385430,249.0000000000
2026-01-19 15:42:36.537451,24.9920000000,5.8774707529,44.7520000000,4.0000000000,5.0000000000,,35.7274674000,-78.6963698000,29.0000000000,-0.0223601274,-0.0000176001,563.5077746990,0.3600000000,4.9700000000,-0.0400000000,-0.0348864347,250.0000000000
2026-01-19 15:42:37.540297,25.0050000000,12.3357014545,44.7100000000,4.0000000000,5.0000000000,,35.7274706000,-78.6963168000,29.0000000000,-0.0191678889,-0.1176869720,61.2801055394,0.3500000000,4.4000000000,0.0100000000,-0.0400678702,251.0000000000
2026-01-19 15:42:38.543914,25.0070000000,4.9518178799,44.6860000000,4.0000000000,5.0000000000,,35.7274734000,-78.6962753000,29.0000000000,-0.0186815914,-0.1603928506,456.5525123034,0.2400000000,3.0300000000,0.0100000000,-0.0415877849,252.0000000000
2026-01-19 15:42:41.580815,22.2070000000,1.9687166128,44.8140000000,4.0000000000,5.0000000000,,35.7274759000,-78.6962461000,29.0000000000,-0.0213357620,-0.0493659414,240.7013029770,-0.1400000000,-0.0500000000,1.6400000000,-0.0547212213,255.0000000000
2026-01-19 15:42:42.583973,20.7590000000,2.0911366033,44.9080000000,4.0000000000,5.0000000000,,35.7274749000,-78.6962476000,29.0000000000,-0.0327539854,-0.0483202450,254.9572474528,-0.0600000000,-0.2000000000,1.5200000000,-0.0500112548,256.0000000000
2026-01-19 15:42:43.587199,19.2310000000,1.3772331283,44.8910000000,4.0000000000,5.0000000000,,35.7274744000,-78.6962501000,29.0000000000,-0.0192734264,-0.0289995559,168.5071681661,-0.0100000000,-0.2000000000,1.5900000000,-0.0514598005,257.0000000000
2026-01-19 15:42:46.598714,14.6940000000,33.0016702370,44.8770000000,4.0000000000,5.0000000000,,35.7274746000,-78.6962528000,29.0000000000,-0.0262106620,-0.0282056108,126.1785168171,0.0700000000,0.0400000000,1.5500000000,-0.0475991294,260.0000000000
2026-01-19 15:42:48.606905,11.6480000000,28.1882373378,44.8650000000,4.0000000000,5.0000000000,,35.7274758000,-78.6962511000,29.0000000000,-0.0174015127,-0.0347268395,201.2374693186,0.0300000000,0.0600000000,1.4700000000,-0.0464958921,262.0000000000
2026-01-19 15:42:49.610981,10.4310000000,4.0000097225,44.4550000000,4.0000000000,5.0000000000,,35.7274762000,-78.6962507000,29.0000000000,-0.0289894640,-0.0512420870,487.6957444548,0.0400000000,0.0000000000,0.7100000000,-0.0427579954,263.0000000000
2026-01-19 15:42:50.613962,10.0560000000,5.7126289512,44.8270000000,4.0000000000,5.0000000000,,35.7274766000,-78.6962511000,29.0000000000,-0.0112598967,-0.0451840051,80.3759317770,-0.0100000000,-0.0800000000,0.3700000000,-0.0328418799,264.0000000000
2026-01-19 15:42:51.617128,9.6110000000,6.1816585366,44.8320000000,4.0000000000,5.0000000000,,35.7274764000,-78.6962518000,29.0000000000,-0.0087343697,-0.0216100626,742.0328160228,-0.0100000000,0.0100000000,0.5800000000,-0.0331856757,265.0000000000
2026-01-19 15:42:52.621387,9.0140000000,4.4657042830,44.8450000000,4.0000000000,5.0000000000,,35.7274758000,-78.6962517000,29.0000000000,-0.0135927908,-0.0285576880,545.1285784394,-0.0900000000,0.1000000000,0.5400000000,-0.0370221585,266.0000000000
2026-01-19 15:42:53.625059,8.4970000000,2.4620257957,44.8060000000,4.0000000000,5.0000000000,,35.7274746000,-78.6962510000,29.0000000000,-0.0241314769,-0.0451288410,300.6871470709,-0.1200000000,0.0500000000,0.4600000000,-0.0385734886,267.0000000000
2026-01-19 15:42:54.628345,8.0440000000,1.9041746927,44.8510000000,4.0000000000,5.0000000000,,35.7274733000,-78.6962506000,29.0000000000,-0.0338859521,-0.0399063043,232.5102402141,-0.1100000000,-0.0100000000,0.4800000000,-0.0350605212,268.0000000000
2026-01-19 15:42:55.632756,7.5690000000,4.4016743245,44.8420000000,4.0000000000,5.0000000000,,35.7274726000,-78.6962505000,29.0000000000,-0.0357939154,-0.0320176892,537.9816803277,0.0000000000,-0.0100000000,0.5800000000,-0.0402497388,269.0000000000
2026-01-19 15:42:56.636997,6.9910000000,3.5891157501,44.7550000000,4.0000000000,5.0000000000,,35.7274727000,-78.6962509000,29.0000000000,-0.0426051654,-0.0321202762,437.8922320419,0.1100000000,-0.0200000000,0.5300000000,-0.0389756598,270.0000000000
2026-01-19 15:42:57.641768,6.5270000000,2.6334188183,44.7950000000,4.0000000000,5.0000000000,,35.7274741000,-78.6962514000,29.0000000000,-0.0244237408,-0.0320605375,321.4216542567,0.2300000000,-0.0500000000,0.4900000000,-0.0385427885,271.0000000000
2026-01-19 15:42:58.645965,6.0100000000,3.2159532524,44.7540000000,4.0000000000,5.0000000000,,35.7274759000,-78.6962516000,29.0000000000,-0.0108976485,-0.0348237716,393.2787788211,0.1400000000,-0.0300000000,0.4900000000,-0.0354021825,272.0000000000
2026-01-19 15:42:59.650147,5.5190000000,1.7988844154,44.7900000000,4.0000000000,5.0000000000,,35.7274767000,-78.6962518000,29.0000000000,-0.0069652884,-0.0255472995,219.6351750559,0.0200000000,-0.0200000000,0.4800000000,-0.0340946577,273.0000000000
2026-01-19 15:43:00.654152,5.0070000000,1.0017002499,44.7260000000,4.0000000000,5.0000000000,,35.7274769000,-78.6962520000,29.0000000000,-0.0073324880,-0.0227719508,121.7753244920,-0.0100000000,0.0200000000,0.5000000000,-0.0355323888,274.0000000000
2026-01-19 15:43:01.657135,4.5200000000,0.0000000000,44.7700000000,4.0000000000,5.0000000000,,35.7274763000,-78.6962518000,29.0000000000,-0.0110578975,-0.0313324928,0.0000000000,-0.1100000000,0.0400000000,0.4900000000,-0.0419420414,275.0000000000
2026-01-19 15:43:02.661153,4.0180000000,0.0925902970,44.7890000000,4.0000000000,5.0000000000,,35.7274751000,-78.6962521000,29.0000000000,-0.0258385502,-0.0184506848,11.2860064715,-0.0700000000,0.0000000000,0.4900000000,-0.0415859371,276.0000000000
2026-01-19 15:43:03.664822,3.4920000000,3.6994250287,44.8430000000,4.0000000000,5.0000000000,,35.7274748000,-78.6962522000,29.0000000000,-0.0154067017,-0.0299956426,450.9712514371,-0.0100000000,0.0000000000,0.4400000000,-0.0394756347,277.0000000000
2026-01-19 15:43:04.668454,2.9730000000,3.6751453652,44.7720000000,4.0000000000,5.0000000000,,35.7274747000,-78.6962525000,29.0000000000,-0.0211583264,-0.0183352605,449.3850795979,0.0100000000,0.0000000000,0.4700000000,-0.0377230272,278.0000000000
2026-01-19 15:43:05.671568,2.4810000000,3.4717953642,44.7510000000,4.0000000000,5.0000000000,,35.7274746000,-78.6962523000,29.0000000000,-0.0207927600,-0.0214216858,423.8663830454,0.0000000000,0.0800000000,0.4600000000,-0.0347561873,279.0000000000
2026-01-19 15:43:06.675012,1.8860000000,1.8872769293,44.7670000000,4.0000000000,5.0000000000,,35.7274744000,-78.6962510000,29.0000000000,-0.0268285424,-0.0344686247,229.6887919186,0.0500000000,0.0600000000,0.4800000000,-0.0341757350,280.0000000000
2026-01-19 15:43:07.679144,1.4070000000,1.8621484227,44.7940000000,4.0000000000,5.0000000000,,35.7274748000,-78.6962505000,29.0000000000,-0.0199364871,-0.0274139158,227.1610313461,0.0200000000,0.0500000000,0.4800000000,-0.0395026952,281.0000000000
2026-01-19 15:43:10.689710,-0.0250000000,3.3648274806,45.3890000000,4.0000000000,5.0000000000,,35.7274743000,-78.6962530000,29.0000000000,-0.0008090297,-0.0935227126,410.5900254103,0.0000000000,0.0000000000,0.0200000000,-0.0349125341,284.0000000000
2026-01-19 15:43:11.716823,-0.1360000000,3.4726078359,46.0460000000,4.0000000000,5.0000000000,,35.7274742000,-78.6962531000,29.0000000000,-0.0041974592,-0.0868156999,423.7452372218,-0.0100000000,-0.0100000000,0.0200000000,-0.0348770060,285.0000000000
2026-01-19 15:43:12.719919,-0.2430000000,3.7509580551,46.0390000000,4.0000000000,5.0000000000,,35.7274742000,-78.6962532000,29.0000000000,-0.0039142179,-0.0862368196,457.5987988311,0.0000000000,-0.0100000000,0.0300000000,-0.0320715383,286.0000000000
